id,desc,cover,video_addr,author_id,author_name,digg_count,share_count,comment_count,play_count,collect_count,tag_list,is_verify,author_signature,author_follower,author_heart_count,author_video_count,author_digg_count,create_time,duration,music_title,music_url,music_author
7332963271248563499,"China in my eyes. 1 month 9 cities. Canâ€™t believe I did this with VERY last minute planning but it was worth it!  From ancient towns to crazy modern high rise buildings, I was in awe traveling across China! Canâ€™t wait to be back and explore more area/cities!  #china #chinatravel #chinatrip #travel #travelbucketlist #shanghai #chongqing #chengdu #guangzhou #hangzhou #asia",https://p16-sign.tiktokcdn-us.com/obj/tos-useast5-p-0068-tx/o82W9CSBlB64EwCiiHDfLAElEDADPwBgoRI6ve?lk3s=b59d6b55&x-expires=1729609200&x-signature=xWDMWfrdwVwGZsyxojA%2Fb5Fvr4A%3D&shp=b59d6b55&shcp=-,https://www.tiktok.com/@wanderwithkara/video/7332963271248563499,6740566303738528774,wanderwithkara,357900,23500,6777,4900000,66000,china chinatravel chinatrip travel travelbucketlist shanghai chongqing chengdu guangzhou hangzhou asia ,false,"ğŸ“LA based
ğŸ“© wanderwithkara@gmail.com",25300,1200000,201,4538,2024-02-08 04:44:16,47,No Reason,,Ryan.B & effie
7358518644600540448,DRONE DELIVERY service in China!! Wow this place is already in the future ğŸ¤©ğŸ‡¨ğŸ‡³ #thehutchinsons #china #chinatravel #chinatiktok #shenzhen #future #drone #traveltiktok ,https://p16-sign-useast2a.tiktokcdn.com/obj/tos-useast2a-p-0037-euttp/ebb18c936d96496880b20460dffa6922_1713288640?lk3s=b59d6b55&x-expires=1729609200&x-signature=x0bXs7czxw9cgoA3WqeXCCsCIqc%3D&shp=b59d6b55&shcp=-,https://www.tiktok.com/@thehutchinsonfamily/video/7358518644600540448,6976631387579745285,thehutchinsonfamily,314900,82800,13400,7800000,29000,thehutchinsons china chinatravel chinatiktok shenzhen future drone traveltiktok ,true,"ğŸŒ Full Time Travel Family ğŸ‡¬ğŸ‡§ 
Enquiries: info@thehutchinsonfamily.co.uk",202300,2800000,1128,611,2024-04-17 01:30:37,86,original sound,,thehutchinsonfamily
7387007445693926699,how to spend 8 hours on the train in China ##chineselanguage##chinatravel##chinatrainsystem##chinatrain,https://p16-pu-sign-useast8.tiktokcdn-us.com/obj/tos-useast5-p-0068-tx/1ae081bf6c4d456984620f0dec6cfa71_1719921710?lk3s=b59d6b55&x-expires=1729609200&x-signature=8DrLaBt7b7JdaF0NDXZaQCNMmFk%3D&shp=b59d6b55&shcp=-,https://www.tiktok.com/@lahong/video/7387007445693926699,7218535750265373738,lahong,13900000,891400,33100,90400000,1200000,chineselanguage chinatravel chinatrainsystem chinatrain ,false,"IGï¼šlahong_12
Requirement:739460381@qq.com",746500,26600000,22,14,2024-07-02 20:01:48,87,åŸè²,,lahong
7401255589868801310,"This is how you visit China as an American without a Tourist Visa â€” itâ€™s unfortunate to only be able to visit one province for only 6 days, but also totally worth it, as China is amazing and opens your eyes like no other place on earth ğŸ¤™ğŸ‡¨ğŸ‡³  Have you ever heard of the 144hr visa-free transit policy??  #china #chinatravel #guangdong #guangzhou #shenzhen #visitguangzhou #visitshenzhen #visitchina #americaninchina #chinatrain #travelinspo",https://p16-pu-sign-useast8.tiktokcdn-us.com/tos-useast8-p-0068-tx2/f7100b6896fd4e40a3fa4941014aab81_1723239120~tplv-dmt-logom:tos-useast8-i-0068-tx2/oEYRFIr3PCzAAAiiiNCE82OaAEBZBlK0siw6A.image?lk3s=b59d6b55&x-expires=1729609200&x-signature=mKmLwCAXkiK6cvB9kjGi30NojXI%3D&shp=b59d6b55&shcp=-,https://www.tiktok.com/@snydexplores/video/7401255589868801310,6777797582901281798,snydexplores,26800,1064,599,418300,2641,china chinatravel guangdong guangzhou shenzhen visitguangzhou visitshenzhen visitchina americaninchina chinatrain travelinspo ,false,"ğŸ‘‡ğŸŒJOIN ME ON MY TRAVELS ğŸŒğŸ‘‡
ğŸ“§ Business/collabs: eli@creatorx.agency",165800,5000000,251,57300,2024-08-10 05:31:57,60,Winter Rain,,Prod. By Rose
7219056285860236562,Have a good trip in China but remember these!!! #travelinchina #chinatravel #chinesefood #china @karissaeats ,https://p16-sign-sg.tiktokcdn.com/tos-alisg-p-0037/47e07d2074cf4bb48eaa6da0379533de_1680817549~tplv-dmt-logom:tos-alisg-i-0068/9759f47e61ce465e95cfb8c94eca70c2.image?lk3s=b59d6b55&x-expires=1729609200&x-signature=%2F3wK2dFQR%2BaLJs0pcJo2Pz%2Fd3NQ%3D&shp=b59d6b55&shcp=-,https://www.tiktok.com/@ğ’ğ€ğˆ ğŸ€/video/7219056285860236562,6749220611644032006,ğ’ğ€ğˆ ğŸ€,1200000,41100,11400,23800000,90100,travelinchina chinatravel chinesefood china  ,false,"Ã  Paris ğŸ’
Fashion ~ Culture ~ Being funny 
ğŸ’Œ sairuiparis@gmail.com
@Sai ğŸŒ¸",185300,1400000,131,1218,2023-04-07 05:45:34,60,son original,,ğ’ğ€ğˆ ğŸ€
7331249139365350702,@infinitix_yt Craziest City On Earth! ğŸ˜® ğŸ“  China ğŸ‡¨ğŸ‡³ . #china #future #trending #travel #unique #explore ,https://p19-pu-sign-useast8.tiktokcdn-us.com/tos-useast5-p-0068-tx/55e5a5f4b17440a1adc7d4402bdce033_1706939504~tplv-dmt-logom:tos-useast5-i-0068-tx/oEmCDGfDSEeXRslE11jcCvnd9CGAoERAFAApIg.image?lk3s=b59d6b55&x-expires=1729609200&x-signature=KJf7drmzCM%2BMFVO%2Bpk9NBsJssHw%3D&shp=b59d6b55&shcp=-,https://www.tiktok.com/@Travel and Adventure âœˆï¸ğŸŒğŸš/video/7331249139365350702,7271541496777606190,Travel and Adventure âœˆï¸ğŸŒğŸš,650500,85800,5378,18800000,64700,china future trending travel unique explore ,false,"ğŸ“  Discover Amazing Places
ğŸŒ Travel 
â¬‡ï¸ Make your own travel videos with AI â¬‡ï¸",102000,724100,465,1926,2024-02-03 13:51:42,52,original sound,,Travel and Adventure âœˆï¸ğŸŒğŸš
7387780043629530411,They Are Definitely Going To Think This Is Ai ğŸ˜±LOCATIONâ¡ï¸ ğŸ“LUX* CHONGZUO GUANGXI  SAVE THIS VIDEO FOR YOUR NEXT CHINA TRIP #chinatravel #144chinavisa #chinatravel2024 #traveltochinablackgirl #americaninchina #creatorsearchinsights ,https://p19-sign.tiktokcdn-us.com/tos-useast5-p-0068-tx/d075a92778e7465393b6ea81f222dad3_1720101593~tplv-dmt-logom:tos-useast5-i-0068-tx/oQGoBPAEEMiLgxGBvAqqtAikB0A4TajACIZnm.image?lk3s=b59d6b55&x-expires=1729609200&x-signature=mk5bEgM79s5twMVEH1VSDlEIwYY%3D&shp=b59d6b55&shcp=-,https://www.tiktok.com/@PASSPORT VISIONZ/video/7387780043629530411,6935626086391579653,PASSPORT VISIONZ,725000,95300,3341,4300000,119300,chinatravel 144chinavisa chinatravel2024 traveltochinablackgirl americaninchina creatorsearchinsights ,false,"passportvisionz@gmail.com
JOIN OUR GROUP TRIP HEREğŸ‘‡ğŸ¾",180500,10600000,431,38900,2024-07-04 21:59:52,25,original sound,,PASSPORT VISIONZ
7372290853718592800,"China has it all: beautiful nature landscapes, old ancient villages, and lively colorful cities âœ¨ â€¢ â€¢ â€¢ #fyp #chinatravel #chinalife #chinalifebelike #studyinchina #studyabroad #travel #traveltiktok #nature #cities #china #landscapes #views #fypage #travellife #traveltok #visitchina #chinese #chinastyle #shanghai #chongqing #ancientvillage ",https://p16-sign-useast2a.tiktokcdn.com/tos-useast2a-p-0037-euttp/c7011266cb88472cb32a5305cdab6d59_1716495234~tplv-dmt-logom:tos-useast2a-i-0068-euttp/okiR7UIP1BU9AtB0CQftiyAPANEA3A1eD6TmoE.image?lk3s=b59d6b55&x-expires=1729609200&x-signature=kDqIbgRUTfSqOTqWte%2B4iJs6Gq0%3D&shp=b59d6b55&shcp=-,https://www.tiktok.com/@Wokâ€™nâ€™Roll London/video/7372290853718592800,6793005748601209861,Wokâ€™nâ€™Roll London,487000,33300,2494,2900000,71000,fyp chinatravel chinalife chinalifebelike studyinchina studyabroad travel traveltiktok nature cities china landscapes views fypage travellife traveltok visitchina chinese chinastyle shanghai chongqing ancientvillage ,false,Spreading the sizzle ğŸ”¥ of Chinese culture ğŸ‡¨ğŸ‡³ travel to China with @SPOTCHINA,122000,6100000,372,4942,2024-05-24 04:13:51,46,No Reason,,Ryan.B & effie
7423168162335558945,"When you study abroad in China, you will find that people in the north are very tall. In Harbin, Liaoning, and Shandong, the average height per capita is 180cm #studyinchina #studyabroad #China #studyinchinağŸ‡¨ğŸ‡³ #chinese #chinalife #chinatravel #ä¸­å›½ç•™å­¦ #à¹€à¸£à¸µà¸¢à¸™à¸—à¸µà¹ˆà¸›à¸£à¸°à¹€à¸—à¸¨à¸ˆà¸µà¸™ #duhá»ctrungquá»‘c #Ø§Ù„ØµÙŠÙ† #ĞºĞ¸Ñ‚Ğ°Ğ¹ #ì¤‘êµ­ìœ í•™ ",https://p16-sign-useast2a.tiktokcdn.com/obj/tos-useast2a-p-0037-euttp/087eaa92403040d6ab91900d1bb2f14d_1728341038?lk3s=b59d6b55&x-expires=1729609200&x-signature=P717V6D0Zru0TR%2FwFaDOuQ9iP6Y%3D&shp=b59d6b55&shcp=-,https://www.tiktok.com/@HAN EDUCATION STUDY IN CHINA/video/7423168162335558945,7386929188475159585,HAN EDUCATION STUDY IN CHINA,97400,7303,2008,964500,10500,studyinchina studyabroad china studyinchinağŸ‡¨ğŸ‡³ chinese chinalife chinatravel ä¸­å›½ç•™å­¦ à¹€à¸£à¸µà¸¢à¸™à¸—à¸µà¹ˆà¸›à¸£à¸°à¹€à¸—à¸¨à¸ˆà¸µà¸™ duhá»ctrungquá»‘c Ø§Ù„ØµÙŠÙ† ĞºĞ¸Ñ‚Ğ°Ğ¹ ì¤‘êµ­ìœ í•™ ,false,"ğŸ‡¨ğŸ‡³ Study in China application agency.
+86Â 180Â 5844Â 4260",10700,326900,180,32,2024-10-08 06:43:55,22,åŸè²,https://v16-webapp-prime.us.tiktok.com/video/tos/useast2a/tos-useast2a-v-2370-euttp/oYA4EbBZgojfIdYmErNGnAWiFd6iIKzshMoBDH/?a=1988&bti=NDU3ZjAwOg%3D%3D&ch=0&cr=0&dr=0&er=2&cd=0%7C0%7C0%7C0&br=250&bt=125&ft=GcAInInz7ThPFnUOXq8Zmo&mime_type=audio_mpeg&qs=6&rc=Zmg1ZWdnO2Y5NDw4OTU2PEBpajp0a3Q5cmU5djMzZjU8M0BfXjBiYDQ0Xl8xYDIxNC9iYSNibGhpMmRjNS9gLS1kMWNzcw%3D%3D&btag=e00088000&expire=1729458236&l=2024102015033310C2991959DB0951B92C&ply_type=3&policy=3&signature=2ad92041fe54de8bb9362ba1c0ad9295&tk=7404668925093430315&download=true,HAN EDUCATION STUDY IN CHINA
7326292887824567585,Welcome to the future. #china #vacance #travel #asian #trip #world #trip #chongqing #cyberpunk ,https://p16-sign-useast2a.tiktokcdn.com/obj/tos-useast2a-p-0037-euttp/b6484de63bda43a69fa436c0c1ff0740_1705874054?lk3s=b59d6b55&x-expires=1729609200&x-signature=yxgdqZgd59PL3Z0buMotxjTRvI4%3D&shp=b59d6b55&shcp=-,https://www.tiktok.com/@Travel lonely/video/7326292887824567585,7325947732216153120,Travel lonely,525900,36100,3803,4500000,89000,china vacance travel asian trip world trip chongqing cyberpunk ,false,Follow me if u like. ğŸŒ,9258,815800,45,654,2024-01-21 05:18:16,12,I see that town Silent Hill,,Exterminator 05
7378012316299758881,Most Beautiful Places in China #china #travel #travellife #explore ,https://p16-sign-useast2a.tiktokcdn.com/obj/tos-useast2a-p-0037-euttp/oIjrwLAmiw29PK7mB0aLZI9iEBNBzSPZvTIaE?lk3s=b59d6b55&x-expires=1729609200&x-signature=dedMAqT%2B3%2FiGSmkABuNgW2knZ9A%3D&shp=b59d6b55&shcp=-,https://www.tiktok.com/@Beautiful World ğŸŒ/video/7378012316299758881,7280526393799230497,Beautiful World ğŸŒ,577400,36900,6992,13300000,66000,china travel travellife explore ,false,"Our beautiful world ğŸŒ³â˜˜ï¸
Previous account had 1M followers ğŸ¥¹",246900,4000000,68,1607,2024-06-08 14:16:21,60,Sail,,AWOLNATION
7404459241152564513,"Live concert in Deserts, China #chinatravel #lifeinchina ",https://p16-sign-useast2a.tiktokcdn.com/obj/tos-useast2a-p-0037-euttp/ogPzABUriJHiw37ARoLEYvsQIYqbBhAwCfuINn?lk3s=b59d6b55&x-expires=1729609200&x-signature=zS3QqMNpekOHT6OeTtCtM0Nk5%2FM%3D&shp=b59d6b55&shcp=-,https://www.tiktok.com/@Rach___1/video/7404459241152564513,7404455939720266784,Rach___1,83800,8420,1215,1100000,8350,chinatravel lifeinchina ,false,Follow me to explore the life in ChinağŸ‰ğŸ‰ğŸ‰ğŸ‰,895,86900,10,1,2024-08-18 20:43:40,13,åŸè²,,Rach___1
7359269699919678721,"You must visit this viral valley in China this 2024 ğŸ® This isğŸ“Wangxian Valley, Jiangxi, China, a newly built scenic spot inspired by the Chinese ancient town architecture. This might not be a real ancient town but is a perfect place to travel in China for documenting, taking photos and fly your drone. How to get there? ğŸš„ 2.5 hours Shanghai to Shangrao + 1 hour by car ğŸ¨ Only two hotels inside the scenic area and more options at the nearest town. ğŸ’²Entrance ticket is 100rmb ğŸ•£ Open hours 8:00-22:00 â˜€ï¸Best time to go: Spring and autumn, during summer can be very hot and crowded. Also avoid national holidays. ğŸ© Looking for hotels? Send me a DM and l share the hotel I stayed at (no collaborations) and other options for foreigners. Do you have more questions? feel free to ask ğŸ¥° . . #chinatravel #travelguide #wangxian #travelinchina #travelblogger #travelitinerary #shangrao #travel #travelitinerary #china ",https://p16-sign-sg.tiktokcdn.com/obj/tos-alisg-p-0037/b0d2c7cf29e143dabbc9a3908d19c176_1713463520?lk3s=b59d6b55&x-expires=1729609200&x-signature=fH5UFsM1BX%2BYv5QkTOAES%2FhPncA%3D&shp=b59d6b55&shcp=-,https://www.tiktok.com/@Cynthia | Travel Muse/video/7359269699919678721,6715153203896796166,Cynthia | Travel Muse,12800,2307,190,228900,6581,chinatravel travelguide wangxian travelinchina travelblogger travelitinerary shangrao travel travelitinerary china ,false,"Travels & Abroad stories
6 yrs Shanghai now Barcelona
Get myğŸ‡¨ğŸ‡³Travel Guides ğŸ‘‡",39200,1800000,677,6502,2024-04-19 02:05:18,39,Mia & Sebastian's Theme (from La La Land) - Piano Version,,your movie soundtrack
7373688271584398610,Boarding China's LOWEST CLASS Train ğŸ‡¨ğŸ‡³ (STANDING CLASS) #China #ChinaTravel #Chongqing #chinatiktok #Chinese,https://p16-sign-sg.tiktokcdn.com/obj/tos-alisg-p-0037/oIfSAUdITJEhqA6MAuAIrmfLWeBpiREoDGyEAn?lk3s=b59d6b55&x-expires=1729609200&x-signature=j1jLYuW5YF1TW78KmOweGWDu1nI%3D&shp=b59d6b55&shcp=-,https://www.tiktok.com/@Jack Aynsley Travel ğŸŒ/video/7373688271584398610,6785354145563771905,Jack Aynsley Travel ğŸŒ,45400,979,924,1900000,1710,china chinatravel chongqing chinatiktok chinese ,false,"26 Year Old Travel Vlogger
YOUTUBE: Jack Aynsley Travel",359800,9400000,258,458,2024-05-27 22:41:56,186,original sound - Jack Aynsley Travel ğŸŒ,,Jack Aynsley Travel ğŸŒ
7411931648469503265,More than 1000 drones show in #æ·±åœ³ #shenzhen #chinatravel #drone ,https://p16-sign-useast2a.tiktokcdn.com/obj/tos-useast2a-p-0037-euttp/f87cf59bd4114c97b33d177694af95c8_1725724825?lk3s=b59d6b55&x-expires=1729609200&x-signature=BRlcQNHQwMvq6Dnf5f9C4XSKr2Y%3D&shp=b59d6b55&shcp=-,https://www.tiktok.com/@YOU^_^/video/7411931648469503265,7318505949437838368,YOU^_^,40000,2783,868,510300,5212,æ·±åœ³ shenzhen chinatravel drone ,false,"Sharing China Travel
and Chinese culture",2121,68000,131,22,2024-09-08 00:00:22,28,åŸåˆ›éŸ³ä¹,,YOU^_^
7385112814437829921,China is so UNDERRATED ğŸ‡¨ğŸ‡³â¤ï¸ #china #beijing #shanghai #travel ,https://p16-sign-useast2a.tiktokcdn.com/obj/tos-useast2a-p-0037-euttp/d7da0bcbf6ab436aa70510d393909821_1719480585?lk3s=b59d6b55&x-expires=1729609200&x-signature=DCs4auSElan7vqmBZqX7ovCuSVM%3D&shp=b59d6b55&shcp=-,https://www.tiktok.com/@Julizng/video/7385112814437829921,6882400061335192582,Julizng,513200,28200,9697,5600000,51400,china beijing shanghai travel ,false,"âœˆï¸ğŸ—ºï¸ğŸ­
Eá´€á´›â€¢á´›Ê€á´€á´ á´‡ÊŸâ€¢Êœá´€á´ á´‡ Ò“á´œÉ´",8561,915900,133,2715,2024-06-27 17:29:42,22,No Reason,,Ryan.B & effie
7223551403208346886,A foggy night in Qingdao Third Sea Bathing Beach. #fyp #china #qingdao #tsingtao #fog #cyberpunk #bladerunner2049 #ä¸­å›½ #beach #traveltiktok #traveltok #aesthetic #citylife #nightlife ,https://p16-sign-va.tiktokcdn.com/obj/tos-maliva-p-0068/1fa94e12aee4451990d7c86b79d935f1_1681864129?lk3s=b59d6b55&x-expires=1729609200&x-signature=o%2FILMXWm%2BcJBJUXDr3EjZ5V4hjU%3D&shp=b59d6b55&shcp=-,https://www.tiktok.com/@â€/video/7223551403208346886,7162585896011891718,â€,1900000,111400,8347,8500000,357300,fyp china qingdao tsingtao fog cyberpunk bladerunner2049 ä¸­å›½ beach traveltiktok traveltok aesthetic citylife nightlife ,false,ğŸŒƒ,294800,16500000,69,1835,2023-04-19 08:28:48,8,original sound,,__windowmaker__2
7417865142324464926,Part 5 | Spend a day with me in China ğŸ‡¨ğŸ‡³Solo Trip edition very very crazy dayğŸ˜­ğŸ˜­#blackgirltravel #traveltiktok #solotravel #thingstodoinchina  #rawhairextensions #clothingbrandmanufacturer,https://p19-pu-sign-useast8.tiktokcdn-us.com/tos-useast8-p-0068-tx2/79f8396236414e1cbe708a27ddd3035d_1727106343~tplv-dmt-logom:tos-useast8-i-0068-tx2/oIZBfAD4GjDIRFjfNkxeoAqIAEsxEp4IAAlxEg.image?lk3s=b59d6b55&x-expires=1729609200&x-signature=kmdOecHQyp0M4Z3%2F5zU9%2BxKwPag%3D&shp=b59d6b55&shcp=-,https://www.tiktok.com/@misscuddy/video/7417865142324464926,6877480763371717638,misscuddy,31400,756,447,214000,1886,blackgirltravel traveltiktok solotravel thingstodoinchina rawhairextensions clothingbrandmanufacturer ,false,"ğŸ‡³ğŸ‡¬ğŸ“LA
Beauty, Fashion, & Travel
 ğŸ’Œmissscuddy@gmail.com",28300,5700000,1766,164600,2024-09-23 23:45:38,332,original sound,,misscuddy
7424179755009985838,Why is commuting to work in Chongqing so hard?  #chongqing #é‡åº† #chinatravel #cyberpunk,https://p19-pu-sign-useast8.tiktokcdn-us.com/tos-useast5-p-0068-tx/c5d8c2fa7f904322b6e4f344343e8f53_1728576558~tplv-dmt-logom:tos-useast5-i-0068-tx/osAAHICOkEoAAj8QwGPfEFfDADajwfIobgZhqA.image?lk3s=b59d6b55&x-expires=1729609200&x-signature=TDZLOc8Tm78pPTE2Ry5NLljPXVU%3D&shp=b59d6b55&shcp=-,https://www.tiktok.com/@Jackson/video/7424179755009985838,7391034146656666666,Jackson,3800000,555400,25500,33700000,264400,chongqing é‡åº† chinatravel cyberpunk ,false,"Exploring the Cyberpunk City Chongqing.
Photographer /travel guide
Dm for rates",223700,6700000,17,219,2024-10-11 00:09:17,54,original sound,,Jackson
7390282667322936622,144-hour visa-freeï¼Œmysterious scenery of Chinaï¼Œforeign netizens have been eager to Chian Travelï¼Œhow many have you been?#chinatravel ,https://p16-pu-sign-useast8.tiktokcdn-us.com/obj/tos-useast5-p-0068-tx/owezAPGkinvioyjAJwUER6r9IMGMBBBwCvYIZp?lk3s=b59d6b55&x-expires=1729609200&x-signature=aWLBnZsZqHuB3%2B5gqlv7KQf187g%3D&shp=b59d6b55&shcp=-,https://www.tiktok.com/@China.Travel/video/7390282667322936622,7386613588431897642,China.Travel,8907,1812,724,202900,1598,chinatravel ,false,,897,8907,1,0,2024-07-11 15:51:19,27,original sound,,China.Travel
7270154631227952417,The Last Place will shock you in China ğŸ˜¨âš¡ï¸ FREE Travel Secrets in Bio! #traveling #socialmedia #instagramvsreality  â€¢ ğŸ¥ Appreciate the great work of @sakiswp | @khanjipeerwala | @onihoironi | @daianadaiana â€¢ DM us pleasw for credits or removal ğŸ™,https://p16-sign-useast2a.tiktokcdn.com/obj/tos-useast2a-p-0037-euttp/oMYJRMSZkIPRE6DZjB5ebHcDQJnDBOAtXQbeko?lk3s=b59d6b55&x-expires=1729609200&x-signature=sKAhrVbD1FHxwwsCvyHBUbUKOos%3D&shp=b59d6b55&shcp=-,https://www.tiktok.com/@Hotels/video/7270154631227952417,7183108781914850309,Hotels,285100,2217,1137,10200000,23600,traveling socialmedia instagramvsreality ,false,"ğŸŒ´ Curated Hotels & Experiences
â¬‡ï¸ See it on Social. Book it on Travly",1800000,56500000,335,397,2023-08-22 22:33:07,15,original sound,,Hotels
7427504806853463304,shanghai has my heart ğŸ’Œ #china #shanghai #chinese #ä¸Šæµ· #ä¸­å›½ #chinatravel #studyabroad #internationalstudent #travel #traveltiktok ,https://p16-sign-sg.tiktokcdn.com/obj/tos-alisg-p-0037/oIIBnEB8zKdeEBkp5gYBXKiAiUUETjIEXgfiRz?lk3s=b59d6b55&x-expires=1729609200&x-signature=3s4L8y3uV1pCRFnd0CTjS99mMx8%3D&shp=b59d6b55&shcp=-,https://www.tiktok.com/@nami âœ®â‹†Ë™/video/7427504806853463304,6847422062328349701,nami âœ®â‹†Ë™,30400,2905,115,125800,2665,china shanghai chinese ä¸Šæµ· ä¸­å›½ chinatravel studyabroad internationalstudent travel traveltiktok ,false,"shanghai âœ® nyu âœ® aesthetics

ğŸ’ more from IG: namuuntur
ğŸ’Œ email me for collabs!",16500,788400,39,10900,2024-10-19 23:12:09,11,nights like this,,âœ¿
7360721517522472224,"ğŸ¥ºğŸ¤¯ğŸ“Zhangjiajie, China  #zhangjiajie #china #travelchina ",https://p16-sign-useast2a.tiktokcdn.com/obj/tos-useast2a-p-0037-euttp/oI0AA7PfgmazihAxESTBIiNBoi5Cn9CcIvEiIB?lk3s=b59d6b55&x-expires=1729609200&x-signature=p3Z8ZtxIP%2FecjFq9AmEr%2F9ra1H0%3D&shp=b59d6b55&shcp=-,https://www.tiktok.com/@TrainPal/video/7360721517522472224,7160948651785847814,TrainPal,577800,57700,3956,7900000,64100,zhangjiajie china travelchina ,true,"ğŸš„ Travel further for less ğŸš„
ğŸ”¥Live Event Now On FireğŸ”¥",945300,64400000,450,775,2024-04-22 23:58:56,15,original sound,,TrainPal
7427138539545971974,"What a condition ğŸ˜«ğŸ˜…ğŸ‡¨ğŸ‡³! They said we are beautiful, i think they dont see black people often. #chinatiktok #beijing #travel #asia #chinatravel ",https://p16-sign-va.tiktokcdn.com/obj/tos-maliva-p-0068/1ce6d7fd351d4906a46582e3458e0763_1729265459?lk3s=b59d6b55&x-expires=1729609200&x-signature=l04bxtsPIErUkQtMSGnUGOs6v9c%3D&shp=b59d6b55&shcp=-,https://www.tiktok.com/@Drezel Simmonds/video/7427138539545971974,6807458647435756550,Drezel Simmonds,32500,4509,688,179600,782,chinatiktok beijing travel asia chinatravel ,false,"My weirdest self â¤ï¸
Entrepreneur
 Bsc. Banking and Finance & Economics ğŸ‘©ğŸ¾â€ğŸ“",80400,3000000,342,40800,2024-10-18 23:30:55,27,Funny Song,,Funny Song Studio & Sounds Reel
7269592523964714273,Wangxian Valley â€” the land of dreams â˜ï¸ #china #coolplaces #ancientvillage #jiangxi #traveldestination #valley #chinatravel #chinatrip #chinesevillage #chinesewithmia #mia_yilin #æ±Ÿè¥¿ #æ±Ÿå— #jiangnan #chineseculture #relaxing #traveltiktok #travelphotography #vacationspots #traveltips #cdrama #wuxia #xianxia #historicaldrama #lovebetweenfairyanddevil #theuntamed #lovelikethegalaxy #eternallove #thestoryofminglan #shangrao #ä¸Šé¥¶ #wangxianvalley #æœ›ä»™è°· #learnontiktok #traveltheworld ,https://p16-sign-useast2a.tiktokcdn.com/obj/tos-useast2a-p-0037-euttp/11d422e0b5cd4c859b0e987f7ec14b71_1692583956?lk3s=b59d6b55&x-expires=1729609200&x-signature=F68NW5Vo3s%2B6Sypnq%2BxCEvbLIbw%3D&shp=b59d6b55&shcp=-,https://www.tiktok.com/@Explore China/video/7269592523964714273,6794435731802178566,Explore China,208000,30200,1478,2700000,64500,china coolplaces ancientvillage jiangxi traveldestination valley chinatravel chinatrip chinesevillage chinesewithmia mia_yilin æ±Ÿè¥¿ æ±Ÿå— jiangnan chineseculture relaxing traveltiktok travelphotography vacationspots traveltips cdrama wuxia xianxia historicaldrama lovebetweenfairyanddevil theuntamed lovelikethegalaxy eternallove thestoryofminglan shangrao ä¸Šé¥¶ wangxianvalley æœ›ä»™è°· learnontiktok traveltheworld ,false,"Travel | Culture | Language ğŸ§§
chinesewithmia@gmail.com ğŸ“§",514100,17400000,535,32300,2023-08-21 10:12:33,40,original sound,,Explore China
7385423051594288416,First time getting to go to Haidilao was awesome! #china #shanghai #chinatrip #shanghaitrip #chinatravel #haidilao #hotpot ,https://p16-sign-useast2a.tiktokcdn.com/obj/tos-useast2a-p-0037-euttp/9491239990c14963bae3fd6267d42e5a_1719552840?lk3s=b59d6b55&x-expires=1729609200&x-signature=miXuNWrfs%2FkJnzIu%2BbtkS0mDe2s%3D&shp=b59d6b55&shcp=-,https://www.tiktok.com/@ğŸŒ¸LydiağŸŒ¸/video/7385423051594288416,7342908029523067937,ğŸŒ¸LydiağŸŒ¸,1600000,103300,2828,6800000,79600,china shanghai chinatrip shanghaitrip chinatravel haidilao hotpot ,false,"30, from Germany. travels, fashion, language learning 
ğŸ”œchina
Cosplay:@Lydia",3588,1800000,173,1487,2024-06-28 13:33:57,5,original sound,,ğŸŒ¸LydiağŸŒ¸
7259011118155320603,Bamboo Fountain in Chengdu #cyberpunk #resonance #vibes #nightcity #bladerunner2049 #neonlights #future #cityview #travel #china #fyp #chengdu ,https://p16-sign-useast2a.tiktokcdn.com/obj/tos-useast2a-p-0037-euttp/2415dade4bc2479f910ff82ab7a55488_1690120243?lk3s=b59d6b55&x-expires=1729609200&x-signature=fH8wq9xXWGhoLIZx3FcUyfJWdVE%3D&shp=b59d6b55&shcp=-,https://www.tiktok.com/@City viewsğŸ™ï¸/video/7259011118155320603,7150162417015194625,City viewsğŸ™ï¸,1700000,155100,9167,9000000,321500,cyberpunk resonance vibes nightcity bladerunner2049 neonlights future cityview travel china fyp chengdu ,false,,635800,26700000,176,3587,2023-07-23 21:50:40,8,Home Resonance,,Stay a while
7325155006091447558,ğŸ“Shenzhen - China ğŸ‡¨ğŸ‡³ #explore #thingstodo #tourista2023 #reels #shorts #travel #vacation #tourism #voyage #viral #viralvideo #fypã‚· #pourtoi #foryou #bestdestinations #luxurytravel #traveltiktok #traveling #europe #tiktoklife #tiktoklongs #china #shenzhen #night ,https://p16-sign-va.tiktokcdn.com/obj/tos-maliva-p-0068/71d85f40f435478cac61f92b9d2b881f_1705520565?lk3s=b59d6b55&x-expires=1729609200&x-signature=oFegjuCHmnr3PJu4XOKdjDZwElQ%3D&shp=b59d6b55&shcp=-,https://www.tiktok.com/@Tourista/video/7325155006091447558,7183413350088344582,Tourista,30500,4072,1162,956300,2907,explore thingstodo tourista2023 reels shorts travel vacation tourism voyage viral viralvideo fypã‚· pourtoi foryou bestdestinations luxurytravel traveltiktok traveling europe tiktoklife tiktoklongs china shenzhen night ,false,"Tiktok Travel
The only account",569100,5000000,498,370,2024-01-18 03:42:40,33,son original,,Musica+
7427439057065561350,welcome to ChinağŸ‡¨ğŸ‡³ï¼Œæ­¦æ±‰æ¬¢è¿ä½ ï¼#china #ä¸­å›½ #ä¸­å›½æ—…æ¸¸ #åŸå¸‚ #æ—…è¡Œ #é£æ™¯ #æ—…è¡Œæ¨èå®˜ #æ—…è¡Œvlog #åº¦å‡ #æ—…æ¸¸ #ä¸–ç•Œ #æ­¦æ±‰ #wuhan ,https://p16-sign-va.tiktokcdn.com/obj/tos-maliva-p-0068/oYmITAe4ySDWpIIOoJLeCCg0hkdlDtEfjxGJIR?lk3s=b59d6b55&x-expires=1729609200&x-signature=5VhCLNMOZL0SDfVz3dvJkflgbB4%3D&shp=b59d6b55&shcp=-,https://www.tiktok.com/@çˆ±æ—…è¡Œçš„å®å“¥/video/7427439057065561350,7366795570041766918,çˆ±æ—…è¡Œçš„å®å“¥,1073,75,43,15500,112,china ä¸­å›½ ä¸­å›½æ—…æ¸¸ åŸå¸‚ æ—…è¡Œ é£æ™¯ æ—…è¡Œæ¨èå®˜ æ—…è¡Œvlog åº¦å‡ æ—…æ¸¸ ä¸–ç•Œ æ­¦æ±‰ wuhan ,false,"æ„Ÿè°¢å…³æ³¨ï¼çˆ±æ—…è¡Œï¼Œçˆ±åˆ†äº«ï¼
å¦‚æœä½ å–œæ¬¢æˆ‘ï¼Œå°±äº¤ä¸ªæœ‹å‹å§ï¼
è‡´åŠ›äºä¸­å›½ğŸ‡¨ğŸ‡³é£æ™¯çš„ä»‹ç»å’Œæ¨å¹¿ï¼

Email:247664774@qq.com",56800,932600,438,21200,2024-10-19 18:57:09,25,åŸåˆ›éŸ³ä¹,,çˆ±æ—…è¡Œçš„å®å“¥
7427795635467816238,Day 2 in China and I donâ€™t know the name of the second sarea after The Forbidden City or the name of the noodle spot haha #china #theforbiddencity #summerpalace #beijing #travel #traveltiktok #chinatiktok ,https://p16-pu-sign-useast8.tiktokcdn-us.com/obj/tos-useast5-p-0068-tx/98a0cfc7607c474e9ab171195232c787_1729418462?lk3s=b59d6b55&x-expires=1729609200&x-signature=Q6PvijNXpRvSWs96kYLA6rNevww%3D&shp=b59d6b55&shcp=-,https://www.tiktok.com/@mimi ngo/video/7427795635467816238,6782748794229900294,mimi ngo,31,1,6,595,2,china theforbiddencity summerpalace beijing travel traveltiktok chinatiktok ,false,"ğŸ‡¨ğŸ‡¦ in ğŸ‡ºğŸ‡¸ |ğŸ‘©ğŸ»â€ğŸ’»@TikTok | tennis ğŸ¾
tok to me nice
ğŸ“§mimi.mngo@gmail.com",15500,1400000,574,17800,2024-10-20 18:01:00,72,No Reason,,Ryan.B & effie
7363986770125475077,Welcome to China's four top night view cities! Feel the aerial perspective...,https://p16-sign-va.tiktokcdn.com/obj/tos-maliva-p-0068/os9ggQvRjRjQMAi8IzcZDEeNZWeMICWFS68CXf?lk3s=b59d6b55&x-expires=1729609200&x-signature=gbYe7Ztalw2U8NFbQT8lsDfmVdI%3D&shp=b59d6b55&shcp=-,https://www.tiktok.com/@TioGTğŸ’«/video/7363986770125475077,6557856574177918977,TioGTğŸ’«,136700,11400,4025,3100000,22400,,false,,317200,4500000,4129,26800,2024-05-01 19:09:42,14,suara asli - TioGT,,TioGTğŸ’«
7413329681040100616,#china #chinatrip #explorechina #guangzhou ,https://p16-sign-sg.tiktokcdn.com/obj/tos-alisg-p-0037/7e63bd93f511499e9764861d98b5791a_1726050328?lk3s=b59d6b55&x-expires=1729609200&x-signature=0TpFVFq0yYj8GqFUlg6rX18TpeE%3D&shp=b59d6b55&shcp=-,https://www.tiktok.com/@China travel/video/7413329681040100616,6876701039882978306,China travel,8,1,0,226,0,china chinatrip explorechina guangzhou ,false,"Goal ğŸ’¯K
Chinese Culture &Life
Travel & TipsğŸ¼
Guesthouse ğŸ¡",82100,865100,53,187,2024-09-11 18:25:26,10,original sound,,China travel
7386278144321260801,Guangzhou #china#travel#guangzhou ,https://p16-sign-sg.tiktokcdn.com/obj/tos-alisg-p-0037/2a66403d8f9844859aa4c0240d701dc8_1719751904?lk3s=b59d6b55&x-expires=1729609200&x-signature=px5Ste1a54QyGt5lam8JKKAhdOI%3D&shp=b59d6b55&shcp=-,https://www.tiktok.com/@China travel/video/7386278144321260801,6876701039882978306,China travel,14,0,1,1374,0,china travel guangzhou ,false,"Goal ğŸ’¯K
Chinese Culture &Life
Travel & TipsğŸ¼
Guesthouse ğŸ¡",82100,865100,53,187,2024-06-30 20:51:41,14,original sound,,China travel
7216673550432750853,Shanghai city#cyberpunk #ĞºĞ¸Ñ‚Ğ°Ğ¹ #à¸ˆà¸µà¸™ #ä¸­å›½ #china #Ø§Ù„ØµÙŠÙ† #trungquoc ,https://p16-sign-va.tiktokcdn.com/obj/tos-maliva-p-0068/cba03e25609c4e4181646887f44b55cd_1680262752?lk3s=b59d6b55&x-expires=1729609200&x-signature=eOn8u0eT7DMtqMek4XHXMvRFwRA%3D&shp=b59d6b55&shcp=-,https://www.tiktok.com/@City viewsğŸ™ï¸/video/7216673550432750853,7150162417015194625,City viewsğŸ™ï¸,511900,71100,11500,10700000,71600,cyberpunk ĞºĞ¸Ñ‚Ğ°Ğ¹ à¸ˆà¸µà¸™ ä¸­å›½ china Ø§Ù„ØµÙŠÙ† trungquoc ,false,,635800,26700000,176,3587,2023-03-31 19:39:11,26,Thelema,,Ã˜fdream
7325351174180179201,"My 10 days in China were truly an amazing experience ğŸ¥¹ I had the opportunity to explore Shanghai, Dunhuang, and Kunming, each with its own unique charm! The warmth and hospitality of the people made the trip even more memorable ğŸ«¶ğŸ» and I love how seamless and convenient it is when making payments through Alipay. There's still so much more to discover, and I canâ€™t wait to explore other regions of China. If you have any questions about my trip, feel free to ask or check out @trip for insights into what you can do in China ğŸ‡¨ğŸ‡³ p/s: Iâ€™ll be doing another video on Kunming which will be up very soon. Stay tuned! @China_Culture #NihaoChina #NihaoGansu #NiHaoDunhuang #NihaoYunnan #NihaoKunming #NihaoShanghai #Tripcom #Travelwithtripcom ",https://p16-sign-sg.tiktokcdn.com/obj/tos-alisg-p-0037/bf62b51282b0443bb6ff1f0eee3b0b89_1705566245?lk3s=b59d6b55&x-expires=1729609200&x-signature=7MmAKJ1EQttCr9N7k4lm%2FhZXKSQ%3D&shp=b59d6b55&shcp=-,https://www.tiktok.com/@BenRanAway/video/7325351174180179201,6735800645477860354,BenRanAway,284700,7209,3200,3300000,41100,NihaoChina NihaoGansu NiHaoDunhuang NihaoYunnan NihaoKunming NihaoShanghai Tripcom Travelwithtripcom ,false,"Instagram: @typicalben @randyys

âœ¨IF WE MENTION YOUR FRIENDS NAMEâœ¨

YouTube â¬‡ï¸",125800,3700000,579,4358,2024-01-18 16:23:56,33,No Reason,,Ryan.B & effie
7307718974693854496,Most beautiful and unreal places in China ğŸ˜° . . #china #chinese #chinatiktok #travel #explore #places #travelguys #unreal ,https://p16-sign-useast2a.tiktokcdn.com/obj/tos-useast2a-p-0037-euttp/5f625867a8c54b5aaf26c9ebcae3ebef_1701460919?lk3s=b59d6b55&x-expires=1729609200&x-signature=HNvbRoTfLo8KLKAm1Oa4JBaqGho%3D&shp=b59d6b55&shcp=-,https://www.tiktok.com/@Travelâ€‚Guysâ€‚ğŸŒ/video/7307718974693854496,7106616943771190277,Travelâ€‚Guysâ€‚ğŸŒ,1100000,27600,3290,24400000,170200,china chinese chinatiktok travel explore places travelguys unreal ,false,"@tripioapp Partner 
DOWNLOAD the APP for a 
ğŸ‘‡BETTER TRAVEL EXPERIENCEğŸ‘‡",1100000,27600000,271,1693,2023-12-02 04:01:59,15,Sail,,AWOLNATION
7416690960077278469,Mis aventuras en la playa china  #china #zhongguo #travel #study #beach #summer #fyp ,https://p16-sign-va.tiktokcdn.com/obj/tos-maliva-p-0068/d1e6943350214d06bc6773d64aaab7b0_1726832948?lk3s=b59d6b55&x-expires=1729609200&x-signature=gMISWfQsR%2B%2Fmx5ioHWqZ%2BbkQm5c%3D&shp=b59d6b55&shcp=-,https://www.tiktok.com/@Miki/video/7416690960077278469,7296901135142241286,Miki,74300,2685,0,549800,18200,china zhongguo travel study beach summer fyp ,false,"Holis soy Miki
Casi psicÃ³loga, hago power y juego jueguitos ğŸ’•
Ig mikitabby",16700,112000,134,75,2024-09-20 19:48:59,143,sonido original,,Miki
7359720168207011104,China is not just cities and big lights âœ¨  â€¢ â€¢ â€¢ #fyp #nature #serene #naturetiktok #china #chinatravel #traveltiktok #traveltok #naturelove #naturephotography #mountains #lakes ,https://p16-sign-useast2a.tiktokcdn.com/obj/tos-useast2a-p-0037-euttp/5c7580a818894bab865e5129e3daf9a9_1713568433?lk3s=b59d6b55&x-expires=1729609200&x-signature=yH%2B3tRN%2BIdNuelpgqS451BG1mfc%3D&shp=b59d6b55&shcp=-,https://www.tiktok.com/@Wokâ€™nâ€™Roll London/video/7359720168207011104,6793005748601209861,Wokâ€™nâ€™Roll London,130900,15200,740,757000,22200,fyp nature serene naturetiktok china chinatravel traveltiktok traveltok naturelove naturephotography mountains lakes ,false,Spreading the sizzle ğŸ”¥ of Chinese culture ğŸ‡¨ğŸ‡³ travel to China with @SPOTCHINA,122000,6100000,372,4942,2024-04-20 07:13:20,61,original sound,,Wokâ€™nâ€™Roll London
7259011118155320603,Bamboo Fountain in Chengdu #cyberpunk #resonance #vibes #nightcity #bladerunner2049 #neonlights #future #cityview #travel #china #fyp #chengdu ,https://p16-sign-useast2a.tiktokcdn.com/obj/tos-useast2a-p-0037-euttp/2415dade4bc2479f910ff82ab7a55488_1690120243?lk3s=b59d6b55&x-expires=1729609200&x-signature=fH8wq9xXWGhoLIZx3FcUyfJWdVE%3D&shp=b59d6b55&shcp=-,https://www.tiktok.com/@City viewsğŸ™ï¸/video/7259011118155320603,7150162417015194625,City viewsğŸ™ï¸,1700000,155100,9167,9000000,321500,cyberpunk resonance vibes nightcity bladerunner2049 neonlights future cityview travel china fyp chengdu ,false,,635800,26700000,176,3587,2023-07-23 21:50:40,8,Home Resonance,,Stay a while
7417494728792362248,China ğŸ‡¨ğŸ‡³,https://p16-sign-sg.tiktokcdn.com/tos-alisg-p-0037/ognB1CBmi8tfePwCwROTABpEN53EIUBvgmBkXi~tplv-dmt-logom:tos-alisg-i-0068/oAUhfAoGNEeaFcqLIAAHqAQgIDBAe4IAujgFPT.image?lk3s=b59d6b55&x-expires=1729609200&x-signature=7DdDjy7SgFk54P5chcVJoQYH75w%3D&shp=b59d6b55&shcp=-,https://www.tiktok.com/@tornado/video/7417494728792362248,6903168036623270914,tornado,40500,1746,861,886300,6113,,false,tornadofficial1@gmail.com ğŸ“©,290700,15100000,537,498,2024-09-22 23:47:56,55,original sound,,tornado
7410464578456325408,#travel #China #Chongqing ,https://p16-sign-useast2a.tiktokcdn.com/obj/tos-useast2a-p-0037-euttp/6ed931baa21e4d64bcbf6270d014ba10_1725383247?lk3s=b59d6b55&x-expires=1729609200&x-signature=ui%2BQf8kORjCMOVXzMPoQB4ajdAM%3D&shp=b59d6b55&shcp=-,https://www.tiktok.com/@City viewsğŸ™ï¸/video/7410464578456325408,7150162417015194625,City viewsğŸ™ï¸,585900,55500,4034,4500000,76000,travel china chongqing ,false,,635800,26700000,176,3587,2024-09-04 01:07:24,10,original sound,,rxnplify
7269592523964714273,Wangxian Valley â€” the land of dreams â˜ï¸ #china #coolplaces #ancientvillage #jiangxi #traveldestination #valley #chinatravel #chinatrip #chinesevillage #chinesewithmia #mia_yilin #æ±Ÿè¥¿ #æ±Ÿå— #jiangnan #chineseculture #relaxing #traveltiktok #travelphotography #vacationspots #traveltips #cdrama #wuxia #xianxia #historicaldrama #lovebetweenfairyanddevil #theuntamed #lovelikethegalaxy #eternallove #thestoryofminglan #shangrao #ä¸Šé¥¶ #wangxianvalley #æœ›ä»™è°· #learnontiktok #traveltheworld ,https://p16-sign-useast2a.tiktokcdn.com/obj/tos-useast2a-p-0037-euttp/11d422e0b5cd4c859b0e987f7ec14b71_1692583956?lk3s=b59d6b55&x-expires=1729609200&x-signature=F68NW5Vo3s%2B6Sypnq%2BxCEvbLIbw%3D&shp=b59d6b55&shcp=-,https://www.tiktok.com/@Explore China/video/7269592523964714273,6794435731802178566,Explore China,208000,30200,1478,2700000,64500,china coolplaces ancientvillage jiangxi traveldestination valley chinatravel chinatrip chinesevillage chinesewithmia mia_yilin æ±Ÿè¥¿ æ±Ÿå— jiangnan chineseculture relaxing traveltiktok travelphotography vacationspots traveltips cdrama wuxia xianxia historicaldrama lovebetweenfairyanddevil theuntamed lovelikethegalaxy eternallove thestoryofminglan shangrao ä¸Šé¥¶ wangxianvalley æœ›ä»™è°· learnontiktok traveltheworld ,false,"Travel | Culture | Language ğŸ§§
chinesewithmia@gmail.com ğŸ“§",514100,17400000,535,32300,2023-08-21 10:12:33,40,original sound,,Explore China
7350950560385862914,Add this to your bucket list ğŸ‘€ Pretty easily accessible by train Zhangjiajie is one of the most unique landscapes to visit in China! Itâ€™s a lot nicer in the low season but the weather can be unpredictable! #travel #china #landscape #nature #cinematic ,https://p16-sign-sg.tiktokcdn.com/obj/tos-alisg-p-0037/8bf609bb8d984cc2a64ba00ffba1c8ae_1711526565?lk3s=b59d6b55&x-expires=1729609200&x-signature=nx0QhDNmenVH7w8VdthFEKd7WFk%3D&shp=b59d6b55&shcp=-,https://www.tiktok.com/@Andy/video/7350950560385862914,6813194762313860102,Andy,98800,6148,336,738000,18000,travel china landscape nature cinematic ,false,"Videography | Adventure | Lifestyle 
DJI ACTION 5 PRO FILM â¬‡ï¸",201600,6100000,715,2458,2024-03-27 16:02:42,17,vertigo,,insensible & Ã©nouement
7388374435918564626,China travel. China XiJiang#Chinese #chinatravel #china #travel #travelchina ,https://p16-sign-sg.tiktokcdn.com/obj/tos-alisg-p-0037/6fe3301f94af490a92558b8316df1ac9_1720239985?lk3s=b59d6b55&x-expires=1729609200&x-signature=5AgZQOgObutJyLQHBgTVB88j4Cg%3D&shp=b59d6b55&shcp=-,https://www.tiktok.com/@Learn Chinese with Ginger/video/7388374435918564626,7250441709317833730,Learn Chinese with Ginger,6880,552,297,142700,770,chinese chinatravel china travel travelchina ,false,,446,7240,19,2901,2024-07-06 12:26:23,17,original sound - ì§•ì§•,,Learn Chinese with Ginger
7392916878584237355,Oh my god! Such meticulous service! This should only be available in China! I recommend you to travel to China! #thehutchinsonsÂ #chinaÂ #chinatravelÂ #chinatiktokÂ #shenzhenÂ #futureÂ #droneÂ #traveltiktok #mrmoshine #qiumingkai ,https://p19-pu-sign-useast8.tiktokcdn-us.com/obj/tos-useast5-p-0068-tx/o88WTYUiH6E3TpszAZBII6CiWfO5nQCpBBzAw8?lk3s=b59d6b55&x-expires=1729609200&x-signature=5oHV5B3PILNlx7oTeFd6FHCjMjA%3D&shp=b59d6b55&shcp=-,https://www.tiktok.com/@mrmoshine555/video/7392916878584237355,7315009788672246827,mrmoshine555,12400,498,1979,994600,623,thehutchinsons china chinatravel chinatiktok shenzhen future drone traveltiktok mrmoshine qiumingkai ,false,"Show you real Chinese life
Thanks,follow me!â¤ï¸â¤ï¸â¤ï¸",977,31600,24,0,2024-07-18 18:13:25,9,original sound,,mrmoshine555
7328081031867796737,"3 old towns in China that you must visit in 2024ğŸ® pt1 What to know ğŸ‘‡ -Nanxun Old Town is a beautiful water town not far from Shanghai. Is perfect for a weekend trip.  You can stop one night in Huzhou to experience the free fireworks show on Friday and Saturday. - Furong Old Town, is the famous waterfall village. Spend one night at this place to experience the lantern decorations. - Fenghuang Old Town, is one of the most beautiful old towns in China. I recommend staying two days and one night at least to experience the local life. * I often recommend visiting Furong & Fenghuang in combination with Zhangjiajie. Link in my bio if you want to sign up for my travel guide covering Zhangjiajie.  Do you still have questions? Feel free to ask ğŸ¥° . . . #Chinatravel #travelguide #ancienttown #chineseculture #furong #fenghuang #nanxun #chinatravelguide #zhangjiajie ",https://p16-sign-sg.tiktokcdn.com/obj/tos-alisg-p-0037/5d275d6e32904921af852ebcc56e542d_1706201834?lk3s=b59d6b55&x-expires=1729609200&x-signature=%2BMNjRzDmWxS9nVgSeZ0yBB1Mojg%3D&shp=b59d6b55&shcp=-,https://www.tiktok.com/@Cynthia | Travel Muse/video/7328081031867796737,6715153203896796166,Cynthia | Travel Muse,6329,1853,39,141300,5917,chinatravel travelguide ancienttown chineseculture furong fenghuang nanxun chinatravelguide zhangjiajie ,false,"Travels & Abroad stories
6 yrs Shanghai now Barcelona
Get myğŸ‡¨ğŸ‡³Travel Guides ğŸ‘‡",39200,1800000,677,6502,2024-01-26 00:57:12,29,original sound,,Cynthia | Travel Muse
7313203846409489706,China is always exciting ğŸ¤©ğŸ”¥ FOLLOW FOR MOREâ€¼ï¸ #china #beijing #travelbeijing #travelchina #placestogoinchina #thingstodoinchina #blackinchina #foreignersinchina #explorechina #chinacyberpunk #chinatok #duoyin ,https://p16-sign.tiktokcdn-us.com/obj/tos-useast5-p-0068-tx/ba73b6fe135445b19bd4a68d3c465cc4_1702738080?lk3s=b59d6b55&x-expires=1729609200&x-signature=c8Smh4mYbXDEZQ%2FEDJ9qyBIzPDs%3D&shp=b59d6b55&shcp=-,https://www.tiktok.com/@PASSPORT VISIONZ/video/7313203846409489706,6935626086391579653,PASSPORT VISIONZ,21500,802,328,448600,2515,china beijing travelbeijing travelchina placestogoinchina thingstodoinchina blackinchina foreignersinchina explorechina chinacyberpunk chinatok duoyin ,false,"passportvisionz@gmail.com
JOIN OUR GROUP TRIP HEREğŸ‘‡ğŸ¾",180500,10600000,431,38900,2023-12-16 22:46:29,15,original sound,,Noisy_Boy
7426625285535075630,Tbh Iâ€™m still learning how to use these things but avoid them as much as possible #travel #traveltiktok #ohnonononoo #travelingchina #china ,https://p19-sign.tiktokcdn-us.com/obj/tos-useast5-p-0068-tx/627fc90ed449400eac1283478b115baa_1729145962?lk3s=b59d6b55&x-expires=1729609200&x-signature=URULp3k7%2FEEFtRhNgnsYvaVtVek%3D&shp=b59d6b55&shcp=-,https://www.tiktok.com/@Alexandria Bailey/video/7426625285535075630,8274728,Alexandria Bailey,17600,1652,904,840500,418,travel traveltiktok ohnonononoo travelingchina china ,false,"My phones always in my face #phoneseatfirst
ğŸ¥­ğŸ¥¥ğŸºğŸğŸ£ğŸŒºğŸ«ğŸšğŸœğŸ¦",435,21000,112,29100,2024-10-17 14:19:19,18,Oh No,,Kreepa
7426625285535075630,Tbh Iâ€™m still learning how to use these things but avoid them as much as possible #travel #traveltiktok #ohnonononoo #travelingchina #china ,https://p16-sign.tiktokcdn-us.com/obj/tos-useast5-p-0068-tx/627fc90ed449400eac1283478b115baa_1729145962?lk3s=b59d6b55&x-expires=1729609200&x-signature=OJGpKRzMcPki6nZA%2B1rfMgN1X4U%3D&shp=b59d6b55&shcp=-,https://www.tiktok.com/@Alexandria Bailey/video/7426625285535075630,8274728,Alexandria Bailey,17600,1652,904,840500,418,travel traveltiktok ohnonononoo travelingchina china ,false,"My phones always in my face #phoneseatfirst
ğŸ¥­ğŸ¥¥ğŸºğŸğŸ£ğŸŒºğŸ«ğŸšğŸœğŸ¦",435,21000,112,29100,2024-10-17 14:19:19,18,Oh No,,Kreepa
7387791037625847073,Places that donâ€™t feel real in China #travel #adventure #nature #explore #fyp ,https://p16-sign-useast2a.tiktokcdn.com/obj/tos-useast2a-p-0037-euttp/o4ABGFYmQhBNDtr1RfeBrcEuQPEPD22IZmttES?lk3s=b59d6b55&x-expires=1729609200&x-signature=vOzqClYlU2KP87eCodLLX8JOCtU%3D&shp=b59d6b55&shcp=-,https://www.tiktok.com/@Our Awesome World ğŸŒ/video/7387791037625847073,7341815096539284512,Our Awesome World ğŸŒ,16700,519,28,558100,1391,travel adventure nature explore fyp ,false,The second account of @our_awesome_world,30800,603400,33,217,2024-07-04 22:42:31,15,Sail,,AWOLNATION
7367044012030676257,"First time in China and it was a dream ğŸ’« Iâ€™ll share more of my 14 days trip and my itinerary these next few days in story ğŸ«¶ ğŸ“Video locations: Guilin, Beijing, Great Wall, Chengdu, Chongqing, Xiâ€™an  #ChinaFrance60",https://p16-sign-useast2a.tiktokcdn.com/obj/tos-useast2a-p-0037-euttp/25cab5b0695b4c81af010480a24f4fb0_1715273607?lk3s=b59d6b55&x-expires=1729609200&x-signature=NoOLlIFXf7l8FVFqkT336twHUSg%3D&shp=b59d6b55&shcp=-,https://www.tiktok.com/@aureliestory/video/7367044012030676257,6804156600066425861,aureliestory,321800,31100,2446,2600000,57900,chinafrance60 ,false,"number 1 travel creator in France ğŸ‡«ğŸ‡·
IG: aureliestory
contact@aureliestory.com",1700000,88200000,1209,5279,2024-05-10 00:53:24,16,original sound,,Jai Howitt
7392620128816352554,"Welcome to ShanghaiğŸ“·â™¥ï¸ğŸ‡¨ğŸ‡³@Selena Johnson ğŸ¥€  #china #shanghai #nyclife #fpv #america #nyc #newyork #nycapartment #manhattan #manhattannewyork #usa #foryoupage #foryourpage #foryou #america #skyline travel to china, China, Shanghai, gangzhou, chongqing, Beijing , trump, freedom, usa, ",https://p16-pu-sign-useast8.tiktokcdn-us.com/obj/tos-useast5-p-0068-tx/af2dc4bc139c4043b57c38b84feb5ade_1721228510?lk3s=b59d6b55&x-expires=1729609200&x-signature=jcJSVKUYTWG1TE8v4cOAGP0fo8M%3D&shp=b59d6b55&shcp=-,https://www.tiktok.com/@Selena Johnson ğŸ¥€/video/7392620128816352554,7379267586540389419,Selena Johnson ğŸ¥€,705200,41100,11500,7900000,91300," china shanghai nyclife fpv america nyc newyork nycapartment manhattan manhattannewyork usa foryoupage foryourpage foryou america skyline ",false,"â™¥ï¸ğŸ‡ºğŸ‡²
ğŸ“¸ Travel & Lifestyle Content Creator
Discover The Dream City with Me",177400,1800000,167,11,2024-07-17 23:01:48,61,original sound,,Selena Johnson ğŸ¥€
7367410959977106730,"In China, a police station is the  new trendiest travel spot! ğŸš” ğŸ‘®ğŸ“¸ #foryoupage #traveltiktok #chinatravel #policeoftiktok ",https://p16-sign.tiktokcdn-us.com/obj/tos-useast5-p-0068-tx/d0de7624d90f419cad909925c6e9f542_1715359055?lk3s=b59d6b55&x-expires=1729609200&x-signature=ynFovcZJHFrpZjc9kCTqH82UPnM%3D&shp=b59d6b55&shcp=-,https://www.tiktok.com/@Brother Dragon ğŸ‰/video/7367410959977106730,7316732032724649006,Brother Dragon ğŸ‰,7686,278,221,158900,656,foryoupage traveltiktok chinatravel policeoftiktok ,false,Your new favorite bearded dragon exploring China!,7505,1400000,96,580,2024-05-11 00:37:34,59,original sound,,Brother Dragon ğŸ‰
7419159832927735058,à¸—à¸µà¹ˆà¸™à¸µà¹ˆà¸‹à¸´à¸™à¹€à¸ˆà¸µà¸¢à¸‡ à¸›à¸£à¸°à¹€à¸—à¸¨à¸ˆà¸µà¸™ğŸ‡¨ğŸ‡³à¸§à¸´à¸§à¸˜à¸£à¸£à¸¡à¸Šà¸²à¸•à¸´à¸«à¸¥à¸±à¸à¸¥à¹‰à¸²à¸™ à¹„à¸¡à¹ˆà¸•à¹‰à¸­à¸‡à¸šà¸´à¸™à¹„à¸à¸¥à¸–à¸¶à¸‡à¸¢à¸¸à¹‚à¸£à¸›â›°ï¸ #tiktokà¸à¸²à¹€à¸—à¸µà¹ˆà¸¢à¸§ #à¸—à¸µà¹ˆà¹€à¸—à¸µà¹ˆà¸¢à¸§à¸›à¸£à¸°à¹€à¸—à¸¨à¸ˆà¸µà¸™ #à¹€à¸—à¸µà¹ˆà¸¢à¸§à¸ˆà¸µà¸™ #à¸£à¸µà¸§à¸´à¸§à¸ˆà¸µà¸™ #howareyouintertravel #china #chinatravel #travel #traveltiktok #fyp #à¸‹à¸´à¸™à¹€à¸ˆà¸µà¸¢à¸‡ #à¸‹à¸´à¸™à¹€à¸ˆà¸µà¸¢à¸‡à¸­à¸¸à¸¢à¸à¸¹à¸£à¹Œ #xinjiang #xinjiangchina ,https://p16-sign-sg.tiktokcdn.com/obj/tos-alisg-p-0037/4dcf3f20625541219bc6a3ad7e14edb5_1727407774?lk3s=b59d6b55&x-expires=1729609200&x-signature=fTChqmChPlGOqafjuR6Runl7VYo%3D&shp=b59d6b55&shcp=-,https://www.tiktok.com/@Howareyou Inter Travel/video/7419159832927735058,7330169254820021256,Howareyou Inter Travel,125100,19200,1016,1200000,18700,tiktokà¸à¸²à¹€à¸—à¸µà¹ˆà¸¢à¸§ à¸—à¸µà¹ˆà¹€à¸—à¸µà¹ˆà¸¢à¸§à¸›à¸£à¸°à¹€à¸—à¸¨à¸ˆà¸µà¸™ à¹€à¸—à¸µà¹ˆà¸¢à¸§à¸ˆà¸µà¸™ à¸£à¸µà¸§à¸´à¸§à¸ˆà¸µà¸™ howareyouintertravel china chinatravel travel traveltiktok fyp à¸‹à¸´à¸™à¹€à¸ˆà¸µà¸¢à¸‡ à¸‹à¸´à¸™à¹€à¸ˆà¸µà¸¢à¸‡à¸­à¸¸à¸¢à¸à¸¹à¸£à¹Œ xinjiang xinjiangchina ,false,"Package Tour, Flight Ticket
Line ID : @haytour",36200,164600,23,332,2024-09-27 11:29:25,20,RUNAWAY,,KAYDEN
7322883127435627818,China then and now #travel #explore#exploreure #fyp  ,https://p19-pu-sign-useast8.tiktokcdn-us.com/obj/tos-useast5-p-0068-tx/o0SW4aUiZP9EIBqFWHa2KAINgxaBEgArBGi4N?lk3s=b59d6b55&x-expires=1729609200&x-signature=4v50fBjORaSf%2BaDlMFlvU%2BZbrpA%3D&shp=b59d6b55&shcp=-,https://www.tiktok.com/@Our Awesome World ğŸŒ/video/7322883127435627818,7214323783598441518,Our Awesome World ğŸŒ,40900,1084,1103,1500000,3533,travel explore explore fyp ,false,"Help my second account reach 10K
ğŸ‘‡ğŸ‘‡ğŸ‘‡
@Our Awesome World ğŸŒ (New)",2200000,53900000,284,2594,2024-01-12 00:46:40,60,original sound,,Our Awesome World ğŸŒ
7325351174180179201,"My 10 days in China were truly an amazing experience ğŸ¥¹ I had the opportunity to explore Shanghai, Dunhuang, and Kunming, each with its own unique charm! The warmth and hospitality of the people made the trip even more memorable ğŸ«¶ğŸ» and I love how seamless and convenient it is when making payments through Alipay. There's still so much more to discover, and I canâ€™t wait to explore other regions of China. If you have any questions about my trip, feel free to ask or check out @trip for insights into what you can do in China ğŸ‡¨ğŸ‡³ p/s: Iâ€™ll be doing another video on Kunming which will be up very soon. Stay tuned! @China_Culture #NihaoChina #NihaoGansu #NiHaoDunhuang #NihaoYunnan #NihaoKunming #NihaoShanghai #Tripcom #Travelwithtripcom ",https://p16-sign-sg.tiktokcdn.com/obj/tos-alisg-p-0037/bf62b51282b0443bb6ff1f0eee3b0b89_1705566245?lk3s=b59d6b55&x-expires=1729609200&x-signature=7MmAKJ1EQttCr9N7k4lm%2FhZXKSQ%3D&shp=b59d6b55&shcp=-,https://www.tiktok.com/@BenRanAway/video/7325351174180179201,6735800645477860354,BenRanAway,284700,7209,3200,3300000,41100,NihaoChina NihaoGansu NiHaoDunhuang NihaoYunnan NihaoKunming NihaoShanghai Tripcom Travelwithtripcom ,false,"Instagram: @typicalben @randyys

âœ¨IF WE MENTION YOUR FRIENDS NAMEâœ¨

YouTube â¬‡ï¸",125800,3700000,579,4358,2024-01-18 16:23:56,33,No Reason,,Ryan.B & effie
7408884117275692295,ğŸ«¶ğŸ»âœˆï¸ #china #xhs #viral #guangzhou #fyp  #travel #travels #travelguide #foryou #foryoupage #xiaohongshu #å°çº¢ä¹¦ ,https://p16-sign-sg.tiktokcdn.com/obj/tos-alisg-p-0037/d948a8c71a324394a97e4778b12c9209_1725015270?lk3s=b59d6b55&x-expires=1729609200&x-signature=cE2NA%2FDojtajrg0EV7h1sYWJuts%3D&shp=b59d6b55&shcp=-,https://www.tiktok.com/@twentytwosavage/video/7408884117275692295,6809145710681375746,twentytwosavage,13100,3204,89,293500,6760,china xhs viral guangzhou fyp travel travels travelguide foryou foryoupage xiaohongshu å°çº¢ä¹¦ ,false,,2963,272900,13,7235,2024-08-30 18:54:20,24,No Reason,,Ryan.B & effie
7426773954695662854,Karibu #chongqingcity meeeehnğŸ˜²ğŸ˜‚ğŸ˜‚ #benawamalines ##pulaiamaisa #travelchina #visitchina #fyp #foryou #viral_video ,https://p16-sign-va.tiktokcdn.com/obj/tos-maliva-p-0068/oQ4BxBACQFiPbI9VExQz4MB6ZREPyUy4EMiSh?lk3s=b59d6b55&x-expires=1729609200&x-signature=gO3z6SjHMT74vFSv3%2FDRhb6Vpc4%3D&shp=b59d6b55&shcp=-,https://www.tiktok.com/@benawamalines/video/7426773954695662854,7021498554469254150,benawamalines,144200,7071,1805,1500000,3140,chongqingcity benawamalines pulaiamaisa travelchina visitchina fyp foryou viral_video ,false,"Content Creator
Actor
Mc
Pulaiamaisa",903200,15800000,488,6140,2024-10-17 23:56:08,30,original sound,,benawamalines
7368792061572582673,going back to guangzhou literally in a few days ğŸ˜ğŸ‡¨ğŸ‡³ stay tuned for more GZ recommendations!! #guangzhou #chinatravel #whattodoinguangzhou #traveltiktok #chinaitinerary #guangzhouitinerary #shopping #chinatiktok ,https://p16-sign-sg.tiktokcdn.com/obj/tos-alisg-p-0037/7e8057211e6a488983164039447c4a11_1715680609?lk3s=b59d6b55&x-expires=1729609200&x-signature=hcJzqZ55vqk%2Bf%2BBFWuKg%2FhwBCHM%3D&shp=b59d6b55&shcp=-,https://www.tiktok.com/@sherrgoh/video/7368792061572582673,6800348984986207233,sherrgoh,13200,6010,66,484000,9737,guangzhou chinatravel whattodoinguangzhou traveltiktok chinaitinerary guangzhouitinerary shopping chinatiktok ,false,"Travel â€¢ Wedding â€¢ Lifestyle
ğŸ¡ In my âœ¨RENOâœ¨ era ğŸ«¶ğŸ»

ğŸ’Œ sherlyngoh4@gmail.com",26700,1300000,182,8997,2024-05-14 17:56:43,41,No Reason,,Ryan.B & effie
7366607798127348999,"My first 2024 spring season travel. But why Yunnan? Yunnan ( äº‘å—), the most southwestern province in China, is rich in UNESCO World Heritage Sites like the Old Town of Lijiang. You can enjoy a breathtaking natural views almost everywhere and I especially enjoyed the magical Tiger Leaping George and Dali. Besides that, you can also explore snow capped year round, Jade Dragon Snow Mountain in Lijiang. Yunnan is noted for its extraordinary mix of ethnic groups. From delicious ethnic food to unique architecture and special ethnic culture are all so fascinatingğŸ¥¹ğŸ‡¨ğŸ‡³ğŸ«¶ğŸ» #china #yunnan #lijiang #dali #shangrila #kunming #travel ",https://p16-sign-sg.tiktokcdn.com/obj/tos-alisg-p-0037/ocpIRTfmILAKN7CAQGvGAfuccX5wqzY2PGeeFZ?lk3s=b59d6b55&x-expires=1729609200&x-signature=PHL7moduL1HLJGa2hGOH%2FwSg0NE%3D&shp=b59d6b55&shcp=-,https://www.tiktok.com/@ì•„ë‹ˆìŠ¤/video/7366607798127348999,6799461514728637442,ì•„ë‹ˆìŠ¤,51000,8475,945,873300,13600,china yunnan lijiang dali shangrila kunming travel ,false,traveling and random trip!,2843,103600,123,878,2024-05-08 20:40:41,33,No Reason,,Ryan.B & effie
7348212543610981675,Alone without a phoneğŸ“±or internet ğŸ˜³ in China! ğŸ‡¨ğŸ‡³ #cultureshock #cultureshocks #chinatravel #travelchina #solotravelstory #solotraveler #worldtravel #travelstorytime #youngtravelers ,https://p16-sign.tiktokcdn-us.com/tos-useast5-p-0068-tx/ogv09tA9eAQeB5fWEGjL4OC8MIHkLI7UjC2gzO~tplv-dmt-logom:tos-useast5-i-0068-tx/oIejEIDe67v2DAD6eWEdIkaGAALHHLAD9oGkAI.image?lk3s=b59d6b55&x-expires=1729609200&x-signature=NGl7QDzMfWWhthEpSvLoE%2BARccg%3D&shp=b59d6b55&shcp=-,https://www.tiktok.com/@Joe | The Impulsive Traveler/video/7348212543610981675,6958012544398197765,Joe | The Impulsive Traveler,813,5,53,45400,49,cultureshock cultureshocks chinatravel travelchina solotravelstory solotraveler worldtravel travelstorytime youngtravelers ,false,"Joe Giglio
ğŸŒ Travel on a Budget
30 countries & counting
ğŸ¤¿ Adrenaline Addict ğŸª‚",118100,7100000,1027,2260,2024-03-20 06:58:03,247,original sound,,Joe | The Impulsive Traveler
7427358563363867911,china travel buddies!! ğŸ¤ #uxplor ,https://p16-sign-sg.tiktokcdn.com/obj/tos-alisg-p-0037/okQiwR60ES1CqmiAaTcBfAZIOYAiBjawjNMzIM?lk3s=b59d6b55&x-expires=1729609200&x-signature=FoKHd9OkAFTXi3iCssFzGvFiaiU%3D&shp=b59d6b55&shcp=-,https://www.tiktok.com/@Jai Asuncion/video/7427358563363867911,6547478697480650754,Jai Asuncion,8673,144,48,184900,164,uxplor ,true,"hi itâ€™s me
instagram/twitter: jaiyieee",5100000,101300000,1179,3824,2024-10-19 13:44:40,11,Brother Louie Mix '98 (feat. Eric Singleton) (Radio Edit),,Modern Talking
7213408228720381226,This tropical resort is located on the edge of China and Vietnam ğŸŒ´ğŸ“LUX* Chongzuo in #China ğŸ¥ IG: @sophoebelous #traveltiktok #chinatravel #luxuryresort ,https://p16-pu-sign-useast8.tiktokcdn-us.com/tos-useast5-p-0068-tx/8fc5c9a919994b088e5efc9fe0571c3e_1679502516~tplv-dmt-logom:tos-useast5-i-0068-tx/22f7d4fbaf034840bf3cb81503372443.image?lk3s=b59d6b55&x-expires=1729609200&x-signature=Nfmfg3tZeP9BGbO8rYsUKmvhrN4%3D&shp=b59d6b55&shcp=-,https://www.tiktok.com/@Airbnb & Hotel Guide/video/7213408228720381226,7012743156594050053,Airbnb & Hotel Guide,81900,8924,179,970300,19600,china traveltiktok chinatravel luxuryresort ,false,Find the coolest places to stay with our new AI travel assistantğŸ‘‡,964500,26800000,1469,4840,2023-03-23 00:28:35,6,original sound,https://v16-webapp-prime.us.tiktok.com/video/tos/useast5/tos-useast5-v-27dcd7c799-tx/oshFI3zwIfEpUZCemChSE9oDCOfLtTs7GYOFgJ/?a=1988&bti=NDU3ZjAwOg%3D%3D&ch=0&cr=0&dr=0&er=2&cd=0%7C0%7C0%7C0&br=250&bt=125&ft=GcAInInz7ThBFnUOXq8Zmo&mime_type=audio_mpeg&qs=6&rc=Mzc4PDc6Z2Q2ZTVmaGg0O0BpMzxqcGg6ZnJ5ZzMzNzU8M0BeL14yL2JiNS0xMl8uLzVfYSNnXjJkcjRfNnFgLS1kMTZzcw%3D%3D&btag=e00088000&expire=1729458234&l=20241020150346B112683AD9749E5EB8A9&ply_type=3&policy=3&signature=df730e409eb7e8958a1bff7db63c3214&tk=7404670194511070251&download=true,ozu â™š
7405234160043953450,"China Has Twin Towers!? ğŸ˜³ğŸ”¥  ğŸ“Tianfu Twin Towers  Chengdu, China Follow For More China Travel Ideasâ€¼ï¸ #chinatravelideas #china #chinatravelguide #chinatraveltips #chinatravelguide #chengdu ",https://p16-pu-sign-useast8.tiktokcdn-us.com/tos-useast5-p-0068-tx/0f12feaf7f854ab49575d90c5297d7b5_1724165451~tplv-dmt-logom:tos-useast5-i-0068-tx/okKEgxADVFfvACSACmvHRcgA1EEPfDFDIErUdz.image?lk3s=b59d6b55&x-expires=1729609200&x-signature=v%2BTXtXaaRmbT3BQ8S9jrOcucenY%3D&shp=b59d6b55&shcp=-,https://www.tiktok.com/@PASSPORT VISIONZ/video/7405234160043953450,6935626086391579653,PASSPORT VISIONZ,6279,695,129,52600,597,chinatravelideas china chinatravelguide chinatraveltips chengdu ,false,"passportvisionz@gmail.com
JOIN OUR GROUP TRIP HEREğŸ‘‡ğŸ¾",180500,10600000,431,38900,2024-08-20 22:50:49,17,original sound,,PASSPORT VISIONZ
7425225947726744855,Have you been to china? #china ,https://p16-pu-sign-ie.tiktokcdn-eu.com/obj/tos-ie-p-0037-ie/8b26425b02da4749b8557b75aebc8166_1728820201?lk3s=b59d6b55&x-expires=1729609200&x-signature=uXvOwBme29yx71XQs6DmesNtXj8%3D&shp=b59d6b55&shcp=-,https://www.tiktok.com/@Travis Leon/video/7425225947726744855,6652254943690637318,Travis Leon,333100,50900,3946,2600000,41500,china ,false,"The Bangkok Boi ğŸ‡®ğŸ‡ª ğŸ‡¹ğŸ‡­
ğŸ“§travisprice09@gmail.com
Become a Content Creator!ğŸ‘‡",329500,29300000,2260,21000,2024-10-13 19:49:56,21,original sound - Travis Leon,,Travis Leon
7309191556051782917,Replying to @Flora Zhang itâ€™s one of my FAVOURITE countries to visit overall ğŸ’—#chinatravel #chinatrip #chinatraveler #traveltips #traveladvice #chinatraveltips ,https://p16-sign-va.tiktokcdn.com/tos-maliva-p-0068/7ae092684d7644e38a6707dcbeda846d_1701803809~tplv-dmt-logom:tos-useast2a-v-0068/o8EA0AREEBAfwIBvAlAQnYmOJCFcjdbD3a1AAf.image?lk3s=b59d6b55&x-expires=1729609200&x-signature=ZYzhqOnnKts4J6uI9QZ5iqgO9r0%3D&shp=b59d6b55&shcp=-,https://www.tiktok.com/@Shirley ğŸ’/video/7309191556051782917,6773780875345691654,Shirley ğŸ’,2418,59,122,47000,999," chinatravel chinatrip chinatraveler traveltips traveladvice chinatraveltips ",false,"LA ğŸŒ¸ğŸ§¸ğŸŒ´ğŸš
soft girl beauty/fashion
travel + life vlogs
isabella@beccamgmt.com",172500,12100000,1621,1755,2023-12-06 03:16:19,297,Lofi/Fashionable/Rose Piano/10 minutes(1455693),,nightbird_bgm
7382241524471319826,Have you ever seen this side of China ğŸ‡¨ğŸ‡³ Glide over the scenic karst peaks of Yangshuo by cable car in Guilinâ›°ï¸ meet the giant pandas ğŸ¼ and marvel at the unique architecture of Dujiangyan's Zhongshuge in Chengdu; and step back in time at Fujian's ancient Yuchang Tower. ğŸ¤©Plan your journey to discover China at the link in bio ğŸ“¸@aureliestory  #china #fyp #tripcom #view #travelinspo #hiddengems ,https://p16-sign-sg.tiktokcdn.com/obj/tos-alisg-p-0037/oADlpQjFQBacBIEzZfRfEJyBh24wvgsnDNALFm?lk3s=b59d6b55&x-expires=1729609200&x-signature=puvscd4fuQHAYQgKbc3MUrIhOwU%3D&shp=b59d6b55&shcp=-,https://www.tiktok.com/@Trip.com/video/7382241524471319826,6870763952785228806,Trip.com,13500,1182,112,267300,3035," china fyp tripcom view travelinspo hiddengems ",true,"ğŸ’™Your trusted trip companion
Hotelï½œFlightsï½œTrains | Tickets & Travel Guide",1600000,13200000,471,131,2024-06-19 23:47:31,15,original sound,,Trip.com
6843499638155169030,#TravelMemories #china #zhangjiajie #glassbridge #travel #travellife #pregnant #prego #pregnancy #scared #freakout #fyp #foryou #foryoupage,https://p16-sign-va.tiktokcdn.com/obj/tos-maliva-p-0068/8edca86914de4c2a9bcb35d4eeada682_1593376429?lk3s=b59d6b55&x-expires=1729609200&x-signature=SneK08nFqH1k%2F7r6vOovb7V6DwQ%3D&shp=b59d6b55&shcp=-,https://www.tiktok.com/@Lauren/video/6843499638155169030,6532020659726319618,Lauren,166300,1151,583,1100000,3114,travelmemories china zhangjiajie glassbridge travel travellife pregnant prego pregnancy scared freakout fyp foryou foryoupage ,true,"ğŸ‘†ğŸ½My IG - 4.1M
ğŸ’‰Registered Nurse
ğŸ‹ğŸ¼â€â™€ï¸Personal Trainer
ğŸ¤¤FunPage!ğŸ¥µ",627400,4900000,339,521,2020-06-29 04:33:47,10,original sound,,Lauren
7380759807004822817,"I canâ€™t believe this exists in China ğŸ“Tianmenshan National Forest Park, China #tianmenshan #tianmenmountain #china ",https://p16-sign-useast2a.tiktokcdn.com/obj/tos-useast2a-p-0037-euttp/oEfRIEnvigQu7zrbR7BhQiKcQCFfDmAbb1DPNE?lk3s=b59d6b55&x-expires=1729609200&x-signature=e%2FTtMphmtPdN%2BJ3yyWxlDYJym6U%3D&shp=b59d6b55&shcp=-,https://www.tiktok.com/@TrainPal/video/7380759807004822817,7160948651785847814,TrainPal,1200000,204800,9106,12000000,204900,tianmenshan tianmenmountain china ,true,"ğŸš„ Travel further for less ğŸš„
ğŸ”¥Live Event Now On FireğŸ”¥",945400,64400000,450,775,2024-06-15 23:57:44,12,original sound,,TrainPal
7388193427596381483,RESORT PRICE BELOW SAVE THIS VIDEO FOR YOU FUTURE CHINA TRAVELS!â€¼ï¸ ğŸ“Luxe Chongzuo Guangxi (trip.com) $800/night (site in bio) #chinatravel #blackinchina #placestogoinchina #china144hours #creatorsearchinsights #luxechongzuoprice ,https://p16-pu-sign-useast8.tiktokcdn-us.com/tos-useast5-p-0068-tx/79675059239a448bb5f6194278edad0c_1720197841~tplv-dmt-logom:tos-useast5-i-0068-tx/osPAIiiIBgAIiizUViEsCZ4I09AoEwAk1BngL.image?lk3s=b59d6b55&x-expires=1729609200&x-signature=fO47WIZWH9yFql8yNofuowwl1H8%3D&shp=b59d6b55&shcp=-,https://www.tiktok.com/@PASSPORT VISIONZ/video/7388193427596381483,6935626086391579653,PASSPORT VISIONZ,2158,238,50,43400,501,chinatravel blackinchina placestogoinchina china144hours creatorsearchinsights luxechongzuoprice ,false,"passportvisionz@gmail.com
JOIN OUR GROUP TRIP HEREğŸ‘‡ğŸ¾",180500,10600000,431,38900,2024-07-06 00:43:58,88,Aesthetic Vibes,,sxldi
7427143467433807112,"Found a cool spot to shoot the famous cable car in Chongqing, China. #shotoniphone #chongqing #china ",https://p16-sign-sg.tiktokcdn.com/tos-alisg-p-0037/f6543d1472674b1fbe82f14c137f541f_1729266600~tplv-dmt-logom:tos-alisg-i-0068/ooAEUElIDNcOoCgfgEf6AVAAHFPzAnBEc79RTS.image?lk3s=b59d6b55&x-expires=1729609200&x-signature=9NuCXrcWkQOXIJqkcpsN%2F17Z3mo%3D&shp=b59d6b55&shcp=-,https://www.tiktok.com/@Peter Yan/video/7427143467433807112,6748344672696976389,Peter Yan,433100,4237,661,5400000,17200,shotoniphone chongqing china ,true,"Melbourne based photographer
Travel | Tech | Art
â¬‡ï¸ My Presets, LUTs & Prints",991700,45400000,728,3605,2024-10-18 23:49:59,15,Aces (Sped Up Version),,dkj & sped up nightcore
7363986770125475077,Welcome to China's four top night view cities! Feel the aerial perspective...,https://p16-sign-va.tiktokcdn.com/obj/tos-maliva-p-0068/os9ggQvRjRjQMAi8IzcZDEeNZWeMICWFS68CXf?lk3s=b59d6b55&x-expires=1729609200&x-signature=gbYe7Ztalw2U8NFbQT8lsDfmVdI%3D&shp=b59d6b55&shcp=-,https://www.tiktok.com/@TioGTğŸ’«/video/7363986770125475077,6557856574177918977,TioGTğŸ’«,136700,11400,4028,3100000,22400,,false,,317200,4500000,4129,26800,2024-05-01 19:09:42,14,suara asli - TioGT,,TioGTğŸ’«
7380759807004822817,"I canâ€™t believe this exists in China ğŸ“Tianmenshan National Forest Park, China #tianmenshan #tianmenmountain #china ",https://p16-sign-useast2a.tiktokcdn.com/obj/tos-useast2a-p-0037-euttp/oEfRIEnvigQu7zrbR7BhQiKcQCFfDmAbb1DPNE?lk3s=b59d6b55&x-expires=1729609200&x-signature=e%2FTtMphmtPdN%2BJ3yyWxlDYJym6U%3D&shp=b59d6b55&shcp=-,https://www.tiktok.com/@TrainPal/video/7380759807004822817,7160948651785847814,TrainPal,1200000,204700,9103,12000000,204900,tianmenshan tianmenmountain china ,true,"ğŸš„ Travel further for less ğŸš„
ğŸ”¥Live Event Now On FireğŸ”¥",945300,64400000,450,775,2024-06-15 23:57:44,12,original sound,,TrainPal
7427143467433807112,"Found a cool spot to shoot the famous cable car in Chongqing, China. #shotoniphone #chongqing #china ",https://p16-sign-sg.tiktokcdn.com/tos-alisg-p-0037/f6543d1472674b1fbe82f14c137f541f_1729266600~tplv-dmt-logom:tos-alisg-i-0068/ooAEUElIDNcOoCgfgEf6AVAAHFPzAnBEc79RTS.image?lk3s=b59d6b55&x-expires=1729609200&x-signature=9NuCXrcWkQOXIJqkcpsN%2F17Z3mo%3D&shp=b59d6b55&shcp=-,https://www.tiktok.com/@Peter Yan/video/7427143467433807112,6748344672696976389,Peter Yan,433000,4237,661,5400000,17200,shotoniphone chongqing china ,true,"Melbourne based photographer
Travel | Tech | Art
â¬‡ï¸ My Presets, LUTs & Prints",991700,45400000,728,3605,2024-10-18 23:49:59,15,Aces (Sped Up Version),,dkj & sped up nightcore
7363986770125475077,Welcome to China's four top night view cities! Feel the aerial perspective...,https://p16-sign-va.tiktokcdn.com/obj/tos-maliva-p-0068/os9ggQvRjRjQMAi8IzcZDEeNZWeMICWFS68CXf?lk3s=b59d6b55&x-expires=1729609200&x-signature=gbYe7Ztalw2U8NFbQT8lsDfmVdI%3D&shp=b59d6b55&shcp=-,https://www.tiktok.com/@TioGTğŸ’«/video/7363986770125475077,6557856574177918977,TioGTğŸ’«,136700,11400,4025,3100000,22400,,false,,317200,4500000,4129,26800,2024-05-01 19:09:42,14,suara asli - TioGT,,TioGTğŸ’«
7427795635467816238,Day 2 in China and I donâ€™t know the name of the second sarea after The Forbidden City or the name of the noodle spot haha #china #theforbiddencity #summerpalace #beijing #travel #traveltiktok #chinatiktok ,https://p19-pu-sign-useast8.tiktokcdn-us.com/obj/tos-useast5-p-0068-tx/98a0cfc7607c474e9ab171195232c787_1729418462?lk3s=b59d6b55&x-expires=1729609200&x-signature=FdQ2vsWQB3w%2F4rFt6V1d9ile%2FMg%3D&shp=b59d6b55&shcp=-,https://www.tiktok.com/@mimi ngo/video/7427795635467816238,6782748794229900294,mimi ngo,31,1,6,596,2,china theforbiddencity summerpalace beijing travel traveltiktok chinatiktok ,false,"ğŸ‡¨ğŸ‡¦ in ğŸ‡ºğŸ‡¸ |ğŸ‘©ğŸ»â€ğŸ’»@TikTok | tennis ğŸ¾
tok to me nice
ğŸ“§mimi.mngo@gmail.com",15500,1400000,574,17800,2024-10-20 18:01:00,72,No Reason,,Ryan.B & effie
7427552961364069637,welcome to ChinağŸ‡¨ğŸ‡³ï¼ŒåŒ—äº¬æ¬¢è¿ä½ ï¼#china #ä¸­å›½ #ä¸­å›½æ—…æ¸¸ #æ—…æ¸¸ #åŸå¸‚ #é£æ™¯ #æ—…è¡Œæ¨èå®˜ #æ—…è¡Œvlog #æ—…è¡Œ #å‡æœŸ #åº¦å‡ #åŒ—äº¬ #beijing ,https://p16-sign-va.tiktokcdn.com/obj/tos-maliva-p-0068/oIfC18zfAnjOFCAlITBojeDDgE1ISnCsjRJEQ7?lk3s=b59d6b55&x-expires=1729609200&x-signature=sfaGUmbyW209%2B5MXt8LUECszE3E%3D&shp=b59d6b55&shcp=-,https://www.tiktok.com/@çˆ±æ—…è¡Œçš„å®å“¥/video/7427552961364069637,7366795570041766918,çˆ±æ—…è¡Œçš„å®å“¥,550,28,35,6770,63,china ä¸­å›½ ä¸­å›½æ—…æ¸¸ æ—…æ¸¸ åŸå¸‚ é£æ™¯ æ—…è¡Œæ¨èå®˜ æ—…è¡Œvlog æ—…è¡Œ å‡æœŸ åº¦å‡ åŒ—äº¬ beijing ,false,"æ„Ÿè°¢å…³æ³¨ï¼çˆ±æ—…è¡Œï¼Œçˆ±åˆ†äº«ï¼
å¦‚æœä½ å–œæ¬¢æˆ‘ï¼Œå°±äº¤ä¸ªæœ‹å‹å§ï¼
è‡´åŠ›äºä¸­å›½ğŸ‡¨ğŸ‡³é£æ™¯çš„ä»‹ç»å’Œæ¨å¹¿ï¼

Email:247664774@qq.com",56800,932600,438,21200,2024-10-20 02:19:05,18,åŸåˆ›éŸ³ä¹,,çˆ±æ—…è¡Œçš„å®å“¥
7216673550432750853,Shanghai city#cyberpunk #ĞºĞ¸Ñ‚Ğ°Ğ¹ #à¸ˆà¸µà¸™ #ä¸­å›½ #china #Ø§Ù„ØµÙŠÙ† #trungquoc ,https://p16-sign-va.tiktokcdn.com/obj/tos-maliva-p-0068/cba03e25609c4e4181646887f44b55cd_1680262752?lk3s=b59d6b55&x-expires=1729609200&x-signature=eOn8u0eT7DMtqMek4XHXMvRFwRA%3D&shp=b59d6b55&shcp=-,https://www.tiktok.com/@City viewsğŸ™ï¸/video/7216673550432750853,7150162417015194625,City viewsğŸ™ï¸,511900,71100,11500,10700000,71600,cyberpunk ĞºĞ¸Ñ‚Ğ°Ğ¹ à¸ˆà¸µà¸™ ä¸­å›½ china Ø§Ù„ØµÙŠÙ† trungquoc ,false,,635800,26700000,176,3587,2023-03-31 19:39:11,26,Thelema,,Ã˜fdream
7427860324604316946,China beautiful view in night #dreamtravelğŸ’« #travelilinglife #amazingvideo #foryoupage #goforyou #irfanchudhary #mayo #viralthisvideoo #traveltiktok ,https://p16-sign-sg.tiktokcdn.com/obj/tos-alisg-p-0037/oE01d3BnEiMLE7ZAoDzCVB6AiILFqn6fwA5iII?lk3s=b59d6b55&x-expires=1729609200&x-signature=JE6iGvUa58hlZAizEEYc31KiSoE%3D&shp=b59d6b55&shcp=-,https://www.tiktok.com/@ğ”»ğ•£ğ•–ğ•’ğ•ğ•¤ğŸ—½Irfanchudhary/video/7427860324604316946,7236985144833770501,ğ”»ğ•£ğ•–ğ•’ğ•ğ•¤ğŸ—½Irfanchudhary,242,3,15,1080,11,dreamtravelğŸ’« travelilinglife amazingvideo foryoupage goforyou irfanchudhary mayo viralthisvideoo traveltiktok ,false,"Interested to explore new places.ğŸŒ
Traveler.âœˆï¸
Reader.ğŸ“–
And something areğŸ—½
ğŸ—½",393400,5900000,825,1237,2024-10-20 22:11:45,12,original sound,,Biya
7211606532692233515,IVORY MOUNTAIN IN CHINAğŸ˜ Follow @traveltemptations1 for more!âœˆï¸ Credits unknown for the video!ğŸ¥ #beautifulview #travel #travelbucketlist #traveldestinations #travellife #bucketlisttravel #bucketlistadventures ,https://p16-pu-sign-useast8.tiktokcdn-us.com/obj/tos-useast5-p-0068-tx/2f3e55ec2f3f4cf190be1bd3f2e2eb1d?lk3s=b59d6b55&x-expires=1729609200&x-signature=F33xJidpE5ZBn2HgFMn%2BSvhacZE%3D&shp=b59d6b55&shcp=-,https://www.tiktok.com/@Travel Temptations/video/7211606532692233515,7195237489254417450,Travel Temptations,9254,2431,89,354400,2521,beautifulview travel travelbucketlist traveldestinations travellife bucketlisttravel bucketlistadventures ,false,ğŸ“Check a few items off that bucket list ğŸŒ âœˆï¸ posting daily ğŸš€ DM for credit ğŸ“¬,397,11200,101,61,2023-03-18 03:56:40,7,original sound,,Dark
7389574570656664864,"Unlock the beauty of Zhangjiajie with its majestic landscapes and unique geological formations. Perfect for photography enthusiasts and nature admirers, this destination promises a journey like no other. #Zhangjiajie #ChinaTravel #NatureLovers #Clayarmy #Adventure #AvatarMountains #NationalPark #ScenicBeauty #TravelChina #NaturalWonders #ExploreZhangjiajie",https://p16-sign-useast2a.tiktokcdn.com/obj/tos-useast2a-p-0037-euttp/oslCvCaizOhJ1FENA6iioVBhCRAIXTTIE2flno?lk3s=b59d6b55&x-expires=1729609200&x-signature=ZhLcZbjndziMmRTV6WFI7kK%2BWZw%3D&shp=b59d6b55&shcp=-,https://www.tiktok.com/@clayarmy/video/7389574570656664864,7151781432330994694,clayarmy,101800,15100,1435,1500000,16600,zhangjiajie chinatravel naturelovers clayarmy adventure avatarmountains nationalpark scenicbeauty travelchina naturalwonders explorezhangjiajie ,false,"ğŸ‡¨ğŸ‡³ China CTS Travel AgencyğŸ‡¨ğŸ‡³
ğŸ’Œxiancts4usa@outlook.com
 â¬‡ï¸Travel Souvenirsâ¬‡ï¸",652500,22000000,65,173,2024-07-09 18:03:33,12,original sound,,clayarmy
7384881976060169504,"Is China the most beautiful place on earth? ğŸ‡¨ğŸ‡³ğŸ«¶ To me, after visiting China twice, I can definitely say it is one of the most interesting places to visit and itâ€™s extremely beautiful indeed ğŸ¥¹ Are you planning to visit China soon? #visitchina #china #beautifuldestinations #placestosee #placestovisit #placestogo #chinatravel #placesthatdontfeelreal ğŸ‡¨ğŸ‡³ğŸšâœˆï¸",https://p16-sign-useast2a.tiktokcdn.com/tos-useast2a-p-0037-euttp/fae86d77afff43d5aa576ed7b74613e8_1719426832~tplv-dmt-logom:tos-useast2a-i-0068-euttp/o0AhAwL8wTzIPBBA4BBiSEDjHPXIifioAiOCrV.image?lk3s=b59d6b55&x-expires=1729609200&x-signature=jgVKT%2BJ%2Fu6YuDU5VkPLsN7caHN0%3D&shp=b59d6b55&shcp=-,https://www.tiktok.com/@Sandy | Travel + London Life/video/7384881976060169504,6662811614553407494,Sandy | Travel + London Life,23300,2359,489,241500,3328,visitchina china beautifuldestinations placestosee placestovisit placestogo chinatravel placesthatdontfeelreal ,false,"ğŸ“ London based
ğŸŒ Hidden Travel Gems | London Life âœ¨
ğŸ”œ Kenya ğŸ‡°ğŸ‡ª",196100,10700000,849,11600,2024-06-27 02:33:49,10,original sound,https://v16-webapp-prime.us.tiktok.com/video/tos/useast8/tos-useast8-v-27dcd7-tx2/o0sNEmFMQIpePfIIBEMosGRCrYnrqVQeAEkLCT/?a=1988&bti=NDU3ZjAwOg%3D%3D&ch=0&cr=0&dr=0&er=2&cd=0%7C0%7C0%7C0&br=250&bt=125&ft=GcAInInz7Th_FnUOXq8Zmo&mime_type=audio_mpeg&qs=6&rc=N2UzNzQzOjZlOTw1Ozk2OUBpM252bHM5cjQzczMzaTU8NEA1YF9iYGA1XzAxMjEyMmNgYSNnaWtoMmRrZV9gLS1kMTJzcw%3D%3D&btag=e00088000&expire=1729458239&l=2024102015034866B73C71AAC28E511A46&ply_type=3&policy=3&signature=ab48160588b7145f7e4b072d32085f4e&tk=7404667842287469610&download=true,CLAIRE & PETER
7406701428510674208,They made the whole game using real locations ğŸ˜ #blackmythwukong #wukong #china ,https://p16-sign-useast2a.tiktokcdn.com/obj/tos-useast2a-p-0037-euttp/7259b9d8a8f74ade93814a7fda37bcc7_1724507071?lk3s=b59d6b55&x-expires=1729609200&x-signature=cRD28PFiJZwHyhJIWHf3AFkzuhE%3D&shp=b59d6b55&shcp=-,https://www.tiktok.com/@TrainPal/video/7406701428510674208,7160948651785847814,TrainPal,108200,8303,694,829500,11500,blackmythwukong wukong china ,true,"ğŸš„ Travel further for less ğŸš„
ğŸ”¥Live Event Now On FireğŸ”¥",945300,64400000,450,775,2024-08-24 21:44:28,32,original sound,,TrainPal
7365379427032698130,Zhajiajie China ğŸ‡¨ğŸ‡³.very beautiful ğŸ¥³#chinatravel #zhangjiajie #traveltiktok #travelplanner #tianmenmountain ,https://p16-sign-sg.tiktokcdn.com/obj/tos-alisg-p-0037/d3e06651bb69428dbabd9479a2e28cc1_1714886043?lk3s=b59d6b55&x-expires=1729609200&x-signature=tNxQitCfmmRbNkTudzqJdoD5JEY%3D&shp=b59d6b55&shcp=-,https://www.tiktok.com/@cntravelğŸ‡¨ğŸ‡³/video/7365379427032698130,7358815075388146689,cntravelğŸ‡¨ğŸ‡³,10600,2280,165,234200,3133,chinatravel zhangjiajie traveltiktok travelplanner tianmenmountain ,false,"Welcome to ChinağŸ‡¨ğŸ‡³
Tailor-made Travel Designerâœˆï¸
WhatsApp :+8619310193205ğŸš„",6768,75800,33,424,2024-05-05 13:14:00,26,original sound - DDeaa Tidatip,,DDeaa Tidatip
7211606532692233515,IVORY MOUNTAIN IN CHINAğŸ˜ Follow @traveltemptations1 for more!âœˆï¸ Credits unknown for the video!ğŸ¥ #beautifulview #travel #travelbucketlist #traveldestinations #travellife #bucketlisttravel #bucketlistadventures ,https://p16-pu-sign-useast8.tiktokcdn-us.com/obj/tos-useast5-p-0068-tx/2f3e55ec2f3f4cf190be1bd3f2e2eb1d?lk3s=b59d6b55&x-expires=1729609200&x-signature=F33xJidpE5ZBn2HgFMn%2BSvhacZE%3D&shp=b59d6b55&shcp=-,https://www.tiktok.com/@Travel Temptations/video/7211606532692233515,7195237489254417450,Travel Temptations,9254,2431,89,354400,2521,beautifulview travel travelbucketlist traveldestinations travellife bucketlisttravel bucketlistadventures ,false,ğŸ“Check a few items off that bucket list ğŸŒ âœˆï¸ posting daily ğŸš€ DM for credit ğŸ“¬,397,11200,101,61,2023-03-18 03:56:40,7,original sound,,Dark
7406701428510674208,They made the whole game using real locations ğŸ˜ #blackmythwukong #wukong #china ,https://p16-sign-useast2a.tiktokcdn.com/obj/tos-useast2a-p-0037-euttp/7259b9d8a8f74ade93814a7fda37bcc7_1724507071?lk3s=b59d6b55&x-expires=1729609200&x-signature=cRD28PFiJZwHyhJIWHf3AFkzuhE%3D&shp=b59d6b55&shcp=-,https://www.tiktok.com/@TrainPal/video/7406701428510674208,7160948651785847814,TrainPal,108200,8303,694,829500,11500,blackmythwukong wukong china ,true,"ğŸš„ Travel further for less ğŸš„
ğŸ”¥Live Event Now On FireğŸ”¥",945300,64400000,450,775,2024-08-24 21:44:28,32,original sound,,TrainPal
7394179558750113056,"Pov: you visited CHINA instead if Korea or Japan. Travelling though China was an amazing experience. We travelled through many provinces including Yunnan, Sichuan and Gansu. I can only recommend! ğŸŒ„ğŸ™ï¸ #china #chinatravel #fyp #cybercity #shanghai #travel #backpacking ",https://p16-sign-useast2a.tiktokcdn.com/obj/tos-useast2a-p-0037-euttp/oIEik9I3EiyawuTxAZB1Y0pTWmBxkNUZdpBPd?lk3s=b59d6b55&x-expires=1729609200&x-signature=DXBim5QD43V06secSFb1NtlLTxw%3D&shp=b59d6b55&shcp=-,https://www.tiktok.com/@j_inchina/video/7394179558750113056,7220355804620309510,j_inchina,85700,3368,1217,823300,6678,china chinatravel fyp cybercity shanghai travel backpacking ,false,"ä¸Šæµ·ğŸ™ï¸
å¤æ—¦å¤§å­¦ğŸ‘©ğŸ¼â€ğŸ’»
âœ¨Laowai in Shanghaiâœ¨
Thai bl fan ğŸ¥¹ğŸ«¶ğŸ»",11100,1100000,51,303,2024-07-22 03:53:14,16,No Reason,,Ryan.B & effie
7320971677465054466,"Chongqing is one of the most unreal cities in the world, from its cyberpunk cityscape to the crazy architecture #chongqing #cyberpunk #chinatravel ",https://p16-sign-sg.tiktokcdn.com/obj/tos-alisg-p-0037/6ebc1e979ff048e09f44b0f21760e187_1709439185?lk3s=b59d6b55&x-expires=1729609200&x-signature=5RJbbePrXDxLpiyjkVo5KxborEk%3D&shp=b59d6b55&shcp=-,https://www.tiktok.com/@Lydon/video/7320971677465054466,6548401934948401157,Lydon,768600,30500,2931,7300000,108300,chongqing cyberpunk chinatravel ,false,"just out here trying to document my best life
lydonongxw@gmail.com
ğŸ‡¸ğŸ‡¬ SG",15800,1600000,89,4305,2024-01-06 21:09:16,27,No Reason,,Ryan.B & effie
7393007845769350433,There was also another black guy here and we became the new tourist attraction ğŸ˜­ watch full vlog on youtube IG: destineemartins #china #travel #destinee1 ,https://p16-sign-useast2a.tiktokcdn.com/obj/tos-useast2a-p-0037-euttp/o4oUUiJwzhQwPSnyABAGmoVTiC4EnIfIXCrqZa?lk3s=b59d6b55&x-expires=1729609200&x-signature=mk7Xut4%2FpKDHF15Jm%2BBXzsukz5s%3D&shp=b59d6b55&shcp=-,https://www.tiktok.com/@Denny/video/7393007845769350433,10716287,Denny,165900,3790,2648,1900000,11900,china travel destinee1 ,false,"I MET THE OMETV GUY OUT YOUTUBE NOW!!
ğŸ“§ contact.dennyy@gmail.com",145600,6600000,293,71200,2024-07-19 00:06:21,64,original sound,,Denny
7259916084524928302,"i paid $55 for a hanfu experience in china, and this is how it went ğŸ’•âœ¨ so happy to reconnect with my culture on this trip, and i literally felt like a character from a chinese drama heheğŸ¤­ #hanfuæ±‰æœ #hanfugirl #hanfuchinese #douyintrend #chinesestreetfashion #hanfustyle #chineseculture ",https://p19-pu-sign-useast8.tiktokcdn-us.com/obj/tos-useast5-p-0068-tx/3a6709f7c99749fbb7b55ac527a533b6_1690330944?lk3s=b59d6b55&x-expires=1729609200&x-signature=qloBVmA2LayflXQOltdGIU5dyvw%3D&shp=b59d6b55&shcp=-,https://www.tiktok.com/@jessie à±¨à§/video/7259916084524928302,6783476349602071558,jessie à±¨à§,59800,4619,529,636300,12100,hanfuæ±‰æœ hanfugirl hanfuchinese douyintrend chinesestreetfashion hanfustyle chineseculture ,false,"sf | nyc
fits + makeup + delulu era
ğŸ’Œjessie@theviralistgroup.com",127100,2800000,569,1825,2023-07-26 08:22:23,20,original sound,,jessie à±¨à§
7325155006091447558,ğŸ“Shenzhen - China ğŸ‡¨ğŸ‡³ #explore #thingstodo #tourista2023 #reels #shorts #travel #vacation #tourism #voyage #viral #viralvideo #fypã‚· #pourtoi #foryou #bestdestinations #luxurytravel #traveltiktok #traveling #europe #tiktoklife #tiktoklongs #china #shenzhen #night ,https://p16-sign-va.tiktokcdn.com/obj/tos-maliva-p-0068/71d85f40f435478cac61f92b9d2b881f_1705520565?lk3s=b59d6b55&x-expires=1729609200&x-signature=oFegjuCHmnr3PJu4XOKdjDZwElQ%3D&shp=b59d6b55&shcp=-,https://www.tiktok.com/@Tourista/video/7325155006091447558,7183413350088344582,Tourista,30500,4072,1162,956300,2907,explore thingstodo tourista2023 reels shorts travel vacation tourism voyage viral viralvideo fypã‚· pourtoi foryou bestdestinations luxurytravel traveltiktok traveling europe tiktoklife tiktoklongs china shenzhen night ,false,"Tiktok Travel
The only account",569100,5000000,498,370,2024-01-18 03:42:40,33,son original,,Musica+
7304338205837397291,Places that donâ€™t feel real in China #travel #explore #adventure #nature #fyp ,https://p19-sign.tiktokcdn-us.com/obj/tos-useast5-p-0068-tx/oMKSIe2IADEVuAiB0OoCfFPk6HkHeQSRjGvLPD?lk3s=b59d6b55&x-expires=1729609200&x-signature=00yHkygkcquU02YOr9ClAvH7pTo%3D&shp=b59d6b55&shcp=-,https://www.tiktok.com/@Our Awesome World ğŸŒ/video/7304338205837397291,7214323783598441518,Our Awesome World ğŸŒ,4100000,124800,19300,55900000,602600,travel explore adventure nature fyp ,false,"Help my second account reach 10K
ğŸ‘‡ğŸ‘‡ğŸ‘‡
@Our Awesome World ğŸŒ (New)",2200000,53900000,284,2594,2023-11-23 01:23:02,60,Sail,,Our Awesome World ğŸŒ
7307718974693854496,Most beautiful and unreal places in China ğŸ˜° . . #china #chinese #chinatiktok #travel #explore #places #travelguys #unreal ,https://p16-sign-useast2a.tiktokcdn.com/obj/tos-useast2a-p-0037-euttp/5f625867a8c54b5aaf26c9ebcae3ebef_1701460919?lk3s=b59d6b55&x-expires=1729609200&x-signature=HNvbRoTfLo8KLKAm1Oa4JBaqGho%3D&shp=b59d6b55&shcp=-,https://www.tiktok.com/@Travelâ€‚Guysâ€‚ğŸŒ/video/7307718974693854496,7106616943771190277,Travelâ€‚Guysâ€‚ğŸŒ,1100000,27600,3290,24400000,170200,china chinese chinatiktok travel explore places travelguys unreal ,false,"@tripioapp Partner 
DOWNLOAD the APP for a 
ğŸ‘‡BETTER TRAVEL EXPERIENCEğŸ‘‡",1100000,27600000,271,1693,2023-12-02 04:01:59,15,Sail,,AWOLNATION
7398225950309125409,That guy that was constantly asking me for my wechat ğŸ’€ but it was so cute when that lady grabbed my hand at the end ğŸ¥¹ #china #travel #chinese #chengdu ,https://p16-sign-useast2a.tiktokcdn.com/obj/tos-useast2a-p-0037-euttp/186193d78caa4124a97806df289c0dfa_1722533718?lk3s=b59d6b55&x-expires=1729609200&x-signature=edlwqirLy9awtsO38mLJvltte%2BA%3D&shp=b59d6b55&shcp=-,https://www.tiktok.com/@Denny/video/7398225950309125409,10716287,Denny,27700,532,435,355400,1788,china travel chinese chengdu ,false,"I MET THE OMETV GUY OUT YOUTUBE NOW!!
ğŸ“§ contact.dennyy@gmail.com",145600,6600000,293,71200,2024-08-02 01:35:16,122,original sound,,Denny
7373879399394954504,My favourite place in Shanghai! ğŸ˜ Psst. visit at night for a completely different experience ğŸ® #shanghai #china #chinatravel #travel #temple #traveltiktok ,https://p16-sign-sg.tiktokcdn.com/tos-alisg-p-0037/7743a159308e4923bef608dc2308380c_1716865100~tplv-dmt-logom:tos-alisg-i-0068/oEBEuSuEEXeEQXVClVUDfBVRhFAFAAUgAsZmIR.image?lk3s=b59d6b55&x-expires=1729609200&x-signature=Pa5cBhOiyahzC654F39mYYPWxYw%3D&shp=b59d6b55&shcp=-,https://www.tiktok.com/@Xixiplease | Xixi Liu/video/7373879399394954504,6685955196739273734,Xixiplease | Xixi Liu,63900,5040,447,802400,12800,shanghai china chinatravel travel temple traveltiktok ,true,"I like to travel and eat
âœ‰ï¸ hello@xixiliu.co
ğŸ“ SYD, AU",526500,36800000,271,1250,2024-05-28 10:58:18,21,original sound,,Xixiplease | Xixi Liu
7384881976060169504,"Is China the most beautiful place on earth? ğŸ‡¨ğŸ‡³ğŸ«¶ To me, after visiting China twice, I can definitely say it is one of the most interesting places to visit and itâ€™s extremely beautiful indeed ğŸ¥¹ Are you planning to visit China soon? #visitchina #china #beautifuldestinations #placestosee #placestovisit #placestogo #chinatravel #placesthatdontfeelreal ğŸ‡¨ğŸ‡³ğŸšâœˆï¸",https://p16-sign-useast2a.tiktokcdn.com/tos-useast2a-p-0037-euttp/fae86d77afff43d5aa576ed7b74613e8_1719426832~tplv-dmt-logom:tos-useast2a-i-0068-euttp/o0AhAwL8wTzIPBBA4BBiSEDjHPXIifioAiOCrV.image?lk3s=b59d6b55&x-expires=1729609200&x-signature=jgVKT%2BJ%2Fu6YuDU5VkPLsN7caHN0%3D&shp=b59d6b55&shcp=-,https://www.tiktok.com/@Sandy | Travel + London Life/video/7384881976060169504,6662811614553407494,Sandy | Travel + London Life,23300,2359,489,241500,3328,visitchina china beautifuldestinations placestosee placestovisit placestogo chinatravel placesthatdontfeelreal ,false,"ğŸ“ London based
ğŸŒ Hidden Travel Gems | London Life âœ¨
ğŸ”œ Kenya ğŸ‡°ğŸ‡ª",196100,10700000,849,11600,2024-06-27 02:33:49,10,original sound,https://v16-webapp-prime.us.tiktok.com/video/tos/useast8/tos-useast8-v-27dcd7-tx2/o0sNEmFMQIpePfIIBEMosGRCrYnrqVQeAEkLCT/?a=1988&bti=NDU3ZjAwOg%3D%3D&ch=0&cr=0&dr=0&er=2&cd=0%7C0%7C0%7C0&br=250&bt=125&ft=GcAInInz7ThoFnUOXq8Zmo&mime_type=audio_mpeg&qs=6&rc=N2UzNzQzOjZlOTw1Ozk2OUBpM252bHM5cjQzczMzaTU8NEA1YF9iYGA1XzAxMjEyMmNgYSNnaWtoMmRrZV9gLS1kMTJzcw%3D%3D&btag=e00088000&expire=1729458241&l=202410201503519D43D150DA1D2B515C8F&ply_type=3&policy=3&signature=9ce178d3bad12670c36aa7fe0ab748d9&tk=7404668925093430315&download=true,CLAIRE & PETER
